NGÀY,GIÁ MỞ CỬA,GIÁ CAO NHẤT,GIÁ THẤP NHẤT,GIÁ ĐÓNG CỬA,THAY ĐỔI GIÁ,% THAY ĐỔI,KHỐI LƯỢNG
14/03/2025,61500,62300,61200,61500,0,0,8759800
13/03/2025,62700,62800,61200,61500,-1200,-0.019138755980861233,7327800
12/03/2025,63000,63000,61900,62700,-300,-0.004761904761904745,8817600
11/03/2025,61400,63200,61400,63000,800,0.012861736334405238,9576900
10/03/2025,62000,62300,61400,62200,300,0.004846526655896577,8125200
07/03/2025,61800,62000,61300,61900,0,0,5404100
06/03/2025,59800,61900,59600,61900,2300,0.038590604026845554,13451900
05/03/2025,59800,60200,59300,59600,100,0.001680672268907557,7188800
04/03/2025,58700,59900,58400,59500,700,0.011904761904761862,6414100
03/03/2025,58200,59100,57800,58800,500,0.00857632933104635,5938000
28/02/2025,58000,58700,57800,58300,-300,-0.005119453924914641,5283200
27/02/2025,58700,58800,58200,58600,-100,-0.0017035775127768327,3222900
26/02/2025,58300,59100,57800,58700,400,0.006861063464836947,4977600
25/02/2025,58100,58400,57400,58300,-100,-0.001712328767123239,7929200
24/02/2025,58100,58500,57300,58400,300,0.005163511187607606,6243200
21/02/2025,56800,58300,56600,58100,1400,0.024691358024691468,10123600
20/02/2025,55900,56700,55700,56700,900,0.016129032258064502,6194500
19/02/2025,54700,56100,54400,55800,1300,0.023853211009174258,7547500
18/02/2025,54000,55000,53800,54500,400,0.007393715341959428,4497600
17/02/2025,55200,55200,54100,54100,-1100,-0.019927536231884035,5933200
14/02/2025,55100,55300,53800,55200,400,0.007299270072992803,11169000
13/02/2025,56000,56000,54800,54800,-1600,-0.028368794326241176,11353700
12/02/2025,56800,57300,56400,56400,0,0,4848400
11/02/2025,57400,57400,56400,56400,-1000,-0.017421602787456414,5986000
10/02/2025,58300,58300,57400,57400,-1500,-0.025466893039049254,5927400
07/02/2025,58900,59000,57800,58900,-200,-0.0033840947546531774,6955900
06/02/2025,59500,59600,58700,59100,-300,-0.005050505050505083,4148800
05/02/2025,59600,59800,59100,59400,-200,-0.003355704697986628,2780100
04/02/2025,59900,59900,59000,59600,0,0,3638100
03/02/2025,59000,59600,58500,59600,-500,-0.008319467554076532,5157500
24/01/2025,59200,60100,58600,60100,900,0.01520270270270263,6757300
23/01/2025,57300,59500,57300,59200,1800,0.03135888501742157,5657500
22/01/2025,57900,58000,57400,57400,-300,-0.005199306759098743,3103000
21/01/2025,57700,58200,57200,57700,200,0.003478260869565153,3419600
20/01/2025,57700,57900,57300,57500,-200,-0.0034662045060658286,2216200
17/01/2025,57300,57800,57200,57700,-100,-0.0017301038062284002,2697800
16/01/2025,57200,58000,57000,57800,500,0.008726003490401313,3794300
15/01/2025,57400,57900,56800,57300,100,0.0017482517482516613,3242300
14/01/2025,57300,57500,56600,57200,-100,-0.0017452006980802626,2917600
13/01/2025,56600,57700,56500,57300,-200,-0.003478260869565264,3791900
10/01/2025,57500,58000,56900,57500,-200,-0.0034662045060658286,3594100
09/01/2025,58000,58000,57500,57700,-400,-0.0068846815834767705,1738300
08/01/2025,57100,58100,56500,58100,1000,0.017513134851138368,3068200
07/01/2025,57300,57800,56400,57100,100,0.0017543859649122862,5532900
06/01/2025,58400,59300,57000,57000,-1600,-0.027303754266211566,5409900
03/01/2025,60600,60700,58600,58600,-2000,-0.03300330033003296,6604400
02/01/2025,60900,61200,60300,60600,-400,-0.006557377049180357,3969400
31/12/2024,60900,61000,60500,61000,0,0,4520300
30/12/2024,60500,61200,60500,61000,-400,-0.006514657980456029,4178100
27/12/2024,60600,61600,60400,61400,-100,-0.001626016260162566,6947200
26/12/2024,62400,62400,60500,61500,-700,-0.0112540192926045,6554700
25/12/2024,61300,62300,61300,62200,900,0.014681892332789603,6300500
24/12/2024,61200,61300,60700,61300,300,0.004918032786885185,3062600
23/12/2024,60600,61100,60500,61000,400,0.0066006600660066805,5538600
20/12/2024,60000,60800,59600,60600,800,0.013377926421404673,3751400
19/12/2024,59800,59900,59400,59800,-400,-0.006644518272425293,7103100
18/12/2024,60200,60500,59900,60200,-100,-0.0016583747927031434,4076200
17/12/2024,61000,61000,60200,60300,-700,-0.011475409836065542,3676200
16/12/2024,61000,61400,60200,61000,0,0,3621300
13/12/2024,59800,61300,59600,61000,1000,0.016666666666666607,5596800
12/12/2024,60300,60500,59900,60000,0,0,3772900
11/12/2024,60700,60800,59900,60000,-800,-0.013157894736842146,4821400
10/12/2024,61100,61200,60500,60800,-300,-0.004909983633387904,4226800
09/12/2024,61600,61600,60800,61100,0,0,4410300
06/12/2024,60800,61900,60500,61100,100,0.0016393442622950616,7825300
05/12/2024,58400,61200,58100,61000,2900,0.04991394148020656,8615300
04/12/2024,59400,59800,58000,58100,-1700,-0.02842809364548493,8857200
03/12/2024,60100,60300,59600,59800,-600,-0.009933774834437137,4019600
02/12/2024,60700,60700,59900,60400,-100,-0.0016528925619834212,2789900
29/11/2024,60000,60500,58900,60500,500,0.008333333333333304,5587400
28/11/2024,60300,60600,59700,60000,-200,-0.0033222591362126463,3774500
27/11/2024,59900,60900,59500,60200,200,0.0033333333333334103,4937400
26/11/2024,59300,60100,59000,60000,1000,0.016949152542372836,4370400
25/11/2024,58800,59300,58600,59000,0,0,4568500
22/11/2024,58700,59400,58400,59000,300,0.005110732538330387,5804700
21/11/2024,57000,58900,56500,58700,1900,0.03345070422535201,8166800
20/11/2024,57200,58100,56000,56800,-700,-0.012173913043478257,9752900
19/11/2024,59000,59000,57500,57500,-1400,-0.02376910016977929,5338500
18/11/2024,59900,59900,57100,58900,-1000,-0.016694490818030094,12080100
15/11/2024,60800,61100,59800,59900,-1400,-0.022838499184339334,6648600
14/11/2024,61500,61600,60700,61300,-600,-0.009693053311793265,4481400
13/11/2024,60800,62300,60300,61900,1100,0.018092105263157965,7232500
12/11/2024,63100,63200,60800,60800,-2200,-0.03492063492063491,10600700
11/11/2024,64500,65000,62900,63000,-2000,-0.03076923076923077,9390500
08/11/2024,65400,65400,64500,65000,-400,-0.006116207951070374,4698600
07/11/2024,65800,65800,64800,65400,-200,-0.0030487804878048808,5244200
06/11/2024,65700,65700,65000,65600,0,0,5415900
05/11/2024,64900,65600,64800,65600,500,0.007680491551459223,5272300
04/11/2024,65900,65900,64700,65100,-900,-0.013636363636363669,9363400
01/11/2024,65900,66100,65500,66000,-500,-0.007518796992481258,21332900
31/10/2024,66000,66500,65600,66500,500,0.007575757575757569,6146200
30/10/2024,66500,66500,65700,66000,-500,-0.007518796992481258,8927400
29/10/2024,65600,66500,65400,66500,1000,0.01526717557251911,9538500
28/10/2024,65500,65600,64900,65500,0,0,3958700
25/10/2024,65400,66000,65000,65500,100,0.001529051987767538,4951300
24/10/2024,65400,66000,64900,65400,-300,-0.004566210045662156,4641700
23/10/2024,66100,66300,65100,65700,-600,-0.009049773755656076,6100300
22/10/2024,66300,66800,65500,66300,500,0.0075987841945288626,9781100
21/10/2024,65300,66000,64900,65800,100,0.0015220700152207556,4333000
18/10/2024,65900,66100,65200,65700,-100,-0.001519756838905817,6162200
17/10/2024,65800,65800,65200,65800,300,0.004580152671755711,6628300
16/10/2024,64400,65700,64300,65500,1100,0.017080745341614856,13710200
15/10/2024,63900,64800,63700,64400,800,0.012578616352201255,12469800
14/10/2024,64900,65000,63600,63600,-900,-0.013953488372092981,8405400
11/10/2024,65000,65300,63500,64500,-500,-0.007692307692307665,10009100
10/10/2024,64500,65400,64100,65000,800,0.012461059190031154,8668600
09/10/2024,65000,65300,63600,64200,-1000,-0.015337423312883458,20847000
08/10/2024,66700,66700,65000,65200,-1100,-0.016591251885369585,11008100
07/10/2024,66700,67100,65900,66300,-100,-0.001506024096385561,5548200
04/10/2024,66500,66800,66200,66400,100,0.0015082956259426794,5272300
03/10/2024,67400,67400,65800,66300,-1100,-0.016320474777448024,14743000
02/10/2024,67500,67900,67000,67400,-400,-0.005899705014749235,7157400
01/10/2024,68300,68700,67800,67800,-300,-0.004405286343612369,9995700
30/09/2024,67500,68100,66900,68100,600,0.008888888888888946,5927100
27/09/2024,68600,68600,66800,67500,-800,-0.01171303074670571,13131500
26/09/2024,68800,69500,68300,68300,-400,-0.005822416302765698,7182600
25/09/2024,68500,68700,68000,68700,600,0.008810572687224738,5446300
24/09/2024,67500,68800,67500,68100,800,0.011887072808320909,6640500
23/09/2024,68000,68000,66800,67300,-700,-0.010294117647058787,5047700
20/09/2024,68600,68700,68000,68000,-200,-0.0029325513196480912,5016600
19/09/2024,68500,68500,67700,68200,0,0,5280600
18/09/2024,66900,68600,66800,68200,1400,0.020958083832335328,10676700
17/09/2024,66200,66800,65500,66800,700,0.010590015128593144,8761200
16/09/2024,66900,67000,66000,66100,-1100,-0.016369047619047672,5295500
13/09/2024,67200,67500,66500,67200,-300,-0.004444444444444473,7126500
12/09/2024,68000,68000,67200,67500,-300,-0.004424778761061954,3872500
11/09/2024,67800,67900,67100,67800,0,0,6804000
10/09/2024,67500,68700,67500,67800,300,0.004444444444444473,6456200
09/09/2024,67700,68000,67200,67500,-500,-0.007352941176470562,3677000
06/09/2024,67600,68000,66800,68000,100,0.0014727540500736325,8345500
05/09/2024,68800,68900,67600,67900,-1200,-0.01736613603473225,8459500
04/09/2024,68700,69700,68200,69100,-700,-0.01002865329512892,4462400
30/08/2024,69100,69800,68700,69800,700,0.01013024602026058,5295100
29/08/2024,68900,69400,68600,69100,-300,-0.004322766570605152,4226000
28/08/2024,69700,69700,68700,69400,-400,-0.005730659025787954,6602000
27/08/2024,69400,69800,67800,69800,0,0,14475100
26/08/2024,70000,70800,69600,69800,-200,-0.0028571428571428914,5961000
23/08/2024,70000,70200,69300,70000,0,0,4425700
22/08/2024,69700,70200,69100,70000,200,0.002865329512893977,5281400
21/08/2024,69400,70200,68900,69800,300,0.004316546762589857,8947700
20/08/2024,69000,69500,68300,69500,500,0.007246376811594235,8137200
19/08/2024,69000,69700,68600,69000,0,0,6418900
16/08/2024,66000,69500,65900,69000,3100,0.047040971168436974,18518500
15/08/2024,66300,66400,65300,65900,-700,-0.010510510510510551,7146900
14/08/2024,66800,67000,65800,66600,-100,-0.0014992503748125774,6293000
13/08/2024,66800,67200,65900,66700,100,0.0015015015015014122,9391000
12/08/2024,65900,66800,65600,66600,1000,0.015243902439024293,11011200
09/08/2024,62700,65800,62500,65600,3200,0.05128205128205132,17518100
08/08/2024,62000,62900,61900,62400,100,0.0016051364365972098,5791600
07/08/2024,62300,62500,61500,62300,0,0,4794900
06/08/2024,61800,62300,60600,62300,700,0.011363636363636465,6419700
05/08/2024,61500,62300,60300,61600,-1300,-0.020667726550079535,11577700
02/08/2024,61000,62900,60700,62900,800,0.012882447665056418,7605200
01/08/2024,63800,63800,61500,62100,-1700,-0.026645768025078342,10605900
31/07/2024,63900,64500,63500,63800,800,0.012698412698412653,10333100
30/07/2024,62000,63200,61900,63000,1000,0.016129032258064502,5470300
29/07/2024,61400,62400,61100,62000,1000,0.016393442622950838,5340200
26/07/2024,60500,61000,60400,61000,0,0,4384000
25/07/2024,60000,61000,59700,61000,-400,-0.006514657980456029,4903300
24/07/2024,61600,62000,58600,61400,-1100,-0.01759999999999995,15062500
23/07/2024,65000,65000,62000,62500,-2800,-0.04287901990811638,9198000
22/07/2024,65200,65400,63800,65300,-300,-0.004573170731707266,5883400
19/07/2024,65000,66300,64700,65600,600,0.009230769230769154,12007200
18/07/2024,63500,65000,63400,65000,1500,0.023622047244094446,7938100
17/07/2024,64700,64700,62200,63500,-600,-0.009360374414976613,16982000
16/07/2024,64600,65300,64100,64100,-200,-0.0031104199066873672,7680700
15/07/2024,64900,65000,64100,64300,-500,-0.007716049382716084,3694800
12/07/2024,64800,65400,64100,64800,0,0,8736600
11/07/2024,65400,65700,64600,64800,-400,-0.006134969325153339,8302000
10/07/2024,66700,66800,65200,65200,-1600,-0.0239520958083832,10907100
09/07/2024,67200,67200,66300,66800,-200,-0.0029850746268657025,7977800
08/07/2024,65600,67400,65600,67000,1400,0.021341463414634054,10448700
05/07/2024,65200,65800,65000,65600,500,0.007680491551459223,7939400
04/07/2024,65700,66300,64900,65100,-400,-0.006106870229007688,5861500
03/07/2024,65900,66400,65100,65500,-500,-0.007575757575757569,7436000
02/07/2024,65800,66000,64700,66000,200,0.003039513677811634,9245500
01/07/2024,62600,65800,62000,65800,3400,0.054487179487179516,21785800
28/06/2024,63100,63100,61600,62400,-500,-0.007949125596184436,6187200
27/06/2024,61511.041009230874,63098.4227126949,61511.041009230874,62899.999999761894,800,0.012779552715654896,8297814
26/06/2024,62007.097791563385,62701.57728682889,60816.56151396537,62106.30914802988,600,0.00967741935483879,9625646
25/06/2024,61511.041009230874,62205.52050449639,61114.19558336487,61511.041009230874,0,0,6461173
24/06/2024,62999.2113562284,62999.2113562284,61014.98422689837,61511.041009230874,-1500,-0.023622047244094446,11899271
21/06/2024,62503.15457389589,64189.74763382642,61907.88643509688,62999.2113562284,0,0,8235290
20/06/2024,62701.57728682889,62999.2113562284,62007.097791563385,62999.2113562284,200,0.003159557661927437,6274318
19/06/2024,61411.829652764376,63197.6340691614,61114.19558336487,62800.7886432954,1100,0.01768488745980701,7917309
18/06/2024,61610.25236569738,62007.097791563385,60618.138801032364,61709.46372216388,200,0.003225806451612856,8140700
17/06/2024,62304.731860962886,62304.731860962886,60518.92744456586,61511.041009230874,-1000,-0.015873015873015928,9503600
14/06/2024,63495.2681385609,63693.690851493906,62503.15457389589,62503.15457389589,-1000,-0.015625,8902800
13/06/2024,63197.6340691614,63892.11356442691,62602.36593036239,63495.2681385609,600,0.009463722397476282,8131000
12/06/2024,62106.30914802988,63396.056782094405,61511.041009230874,62899.999999761894,1100,0.017656500802568198,6599146
11/06/2024,62800.7886432954,62899.999999761894,61312.61829629787,61808.67507863038,-700,-0.011111111111111072,6825770
10/06/2024,61709.46372216388,62800.7886432954,61511.041009230874,62503.15457389589,900,0.01449275362318847,8814191
07/06/2024,61808.67507863038,62304.731860962886,61312.61829629787,61610.25236569738,200,0.003231017770597644,6039669
06/06/2024,61511.041009230874,62007.097791563385,61114.19558336487,61411.829652764376,-100,-0.001612903225806428,15580278
05/06/2024,62503.15457389589,62800.7886432954,61114.19558336487,61511.041009230874,-1800,-0.028213166144200663,15297380
04/06/2024,63495.2681385609,63693.690851493906,62602.36593036239,63296.8454256279,-200,-0.0031250000000000444,11391596
03/06/2024,63396.056782094405,63594.47949502741,62701.57728682889,63495.2681385609,400,0.0062893081761006275,9500879
31/05/2024,62304.731860962886,63892.11356442691,61907.88643509688,63098.4227126949,800,0.01273885350318471,10588336
30/05/2024,59427.60252343435,62304.731860962886,58733.12302816884,62304.731860962886,2300,0.0380165289256198,15822116
29/05/2024,61114.19558336487,61511.041009230874,60022.870662233356,60022.870662233356,-1000,-0.016260162601625994,7966354
28/05/2024,59923.65930576685,62304.731860962886,59626.02523636735,61014.98422689837,1500,0.02499999999999991,10823218
27/05/2024,59626.02523636735,60022.870662233356,58733.12302816884,59526.81387990085,-500,-0.008264462809917328,7150902
24/05/2024,60717.35015749886,61213.40693983137,58435.48895876933,60022.870662233356,-1500,-0.024193548387096753,14576259
23/05/2024,60221.29337516636,61511.041009230874,59526.81387990085,61511.041009230874,1000,0.016393442622950838,10583025
22/05/2024,60122.08201869985,61114.19558336487,59129.968454034846,60518.92744456586,500,0.008264462809917328,13927331
21/05/2024,60122.08201869985,60816.56151396537,59526.81387990085,60022.870662233356,500,0.008333333333333304,5776939
20/05/2024,59526.81387990085,61114.19558336487,59030.75709756834,59526.81387990085,400,0.006711409395973256,9882880
17/05/2024,59328.39116696785,59824.44794930035,58534.70031523584,59129.968454034846,-300,-0.005008347245408995,11286347
16/05/2024,60419.71608809936,60618.138801032364,59229.179810501344,59427.60252343435,-900,-0.014802631578947345,15621652
15/05/2024,60122.08201869985,61610.25236569738,59526.81387990085,60320.50473163286,700,0.011647254575707144,14312141
14/05/2024,58038.64353290333,60518.92744456586,57542.58675057082,59626.02523636735,1800,0.030874785591766818,16717056
13/05/2024,58435.48895876933,58435.48895876933,57542.58675057082,57840.220819970324,-600,-0.01018675721561968,7822045
10/05/2024,58336.277602302835,58534.70031523584,56947.318611771814,58435.48895876933,0,0,9938732
09/05/2024,58534.70031523584,58733.12302816884,57939.43217643683,58435.48895876933,-200,-0.0033840947546531774,12497400
08/05/2024,58137.85488936983,58832.33438463534,57741.009463503826,58633.911671702335,-200,-0.003372681281618939,10022500
07/05/2024,58336.277602302835,59030.75709756834,57046.52996823831,58832.33438463534,1000,0.0171526586620927,12034000
06/05/2024,55657.57097770729,58336.277602302835,55359.93690830779,57840.220819970324,2600,0.04667863554757634,12893200
03/05/2024,55260.725551841286,56748.89589883881,54566.24605657578,55260.725551841286,100,0.0017985611510791255,30658300
02/05/2024,55558.359621240794,56352.050472972805,54268.61198717627,55161.51419537479,700,0.012750455373406133,22343900
26/04/2024,53078.075709578254,54566.24605657578,52582.01892724575,54467.034700109274,1100,0.020446096654274992,12531700
25/04/2024,51689.11671904723,53375.70977897776,50994.63722378173,53375.70977897776,1500,0.028680688336520044,19836400
24/04/2024,49804.10094618371,51887.539431980236,49456.861198550956,51887.539431980236,2500,0.050200803212851364,12469200
23/04/2024,48712.7760250522,49903.312302650214,48266.32492095294,49407.2555203177,1200,0.024691358024691468,18482000
22/04/2024,48811.987381518695,49010.4100944517,47770.26813862043,48216.719242719686,400,0.008298755186721962,13265100
19/04/2024,48861.59305975195,48911.1987379852,47671.05678215393,47819.87381685368,-1200,-0.02429149797570851,9643100
17/04/2024,50002.52365911671,50002.52365911671,48563.95899035244,49010.4100944517,-500,-0.01002004008016033,7506200
16/04/2024,49109.6214509182,49605.67823325071,48315.93059918619,49506.46687678421,0,0,13988300
15/04/2024,51292.27129318123,51589.905362580736,49109.6214509182,49506.46687678421,-2100,-0.04038461538461535,17235200
12/04/2024,51887.539431980236,52185.173501379744,51193.05993671473,51589.905362580736,-300,-0.005736137667303964,7115600
11/04/2024,50796.214510848724,52383.59621431275,50796.214510848724,51887.539431980236,300,0.005769230769230749,7294500
10/04/2024,52482.807570779245,52780.44164017875,51292.27129318123,51589.905362580736,-800,-0.015151515151515138,10353100
09/04/2024,49605.67823325071,52681.23028371225,49407.2555203177,52383.59621431275,2800,0.05600000000000005,21005300
08/04/2024,50597.79179791572,50597.79179791572,49407.2555203177,49605.67823325071,-1000,-0.019607843137254943,6326000
05/04/2024,49605.67823325071,51093.848580248225,49060.01577268495,50597.79179791572,300,0.00591715976331364,9422712
04/04/2024,49605.67823325071,50300.15772851622,48613.56466858569,50300.15772851622,500,0.009960159362549792,13451500
03/04/2024,50597.79179791572,50796.214510848724,49506.46687678421,49804.10094618371,-1400,-0.027131782945736482,16982300
02/04/2024,50597.79179791572,51193.05993671473,49556.072555017454,51193.05993671473,200,0.0038910505836575737,13183500
01/04/2024,50399.36908498272,52185.173501379744,50300.15772851622,50994.63722378173,300,0.005870841487279899,15838100
29/03/2024,50597.79179791572,51589.905362580736,50399.36908498272,50697.003154382226,100,0.0019607843137254832,13970500
28/03/2024,50399.36908498272,51788.32807551374,50002.52365911671,50597.79179791572,300,0.00591715976331364,12959700
27/03/2024,48415.14195565269,50994.63722378173,48167.11356448643,50300.15772851622,2050,0.0421377183967111,14031800
26/03/2024,47919.085173320185,48514.353312119194,47423.028390987674,48266.32492095294,350,0.007246376811594235,9418700
25/03/2024,48613.56466858569,49903.312302650214,47919.085173320185,47919.085173320185,-800,-0.016293279022403295,11012200
22/03/2024,48315.93059918619,49010.4100944517,47621.45110392068,48712.7760250522,600,0.012371134020618513,14585400
21/03/2024,48117.50788625319,48563.95899035244,47621.45110392068,48117.50788625319,500,0.01041666666666674,9431300
20/03/2024,45240.37854872464,48266.32492095294,45240.37854872464,47621.45110392068,2500,0.05494505494505497,21254500
19/03/2024,45637.22397459065,46034.069400456654,44992.350157558394,45141.167192258144,-400,-0.008714596949891074,8113300
18/03/2024,46827.760252188666,47571.845425687425,45289.984226957895,45538.01261812415,-1450,-0.03062302006335793,12749100
15/03/2024,46877.36593042192,47323.81703452118,46182.88643515641,46976.577286888416,100,0.002116402116402183,8865700
14/03/2024,48415.14195565269,48613.56466858569,46728.54889572217,46877.36593042192,-1300,-0.026776519052523207,14052000
13/03/2024,46430.91482632266,48315.93059918619,46430.91482632266,48167.11356448643,1800,0.03850267379679151,8929000
12/03/2024,45786.041009290406,47522.23974745418,45686.8296528239,46381.309148089415,350,0.007543103448275801,17893000
11/03/2024,47125.39432158817,47919.085173320185,45885.2523657569,46034.069400456654,-1350,-0.028272251308900542,14467500
08/03/2024,48861.59305975195,48861.59305975195,46629.33753925566,47373.42271275442,-1250,-0.025510204081632626,21675600
07/03/2024,48315.93059918619,48861.59305975195,47720.66246038718,48613.56466858569,300,0.006160164271047153,10102900
06/03/2024,49605.67823325071,49903.312302650214,47919.085173320185,48315.93059918619,-1300,-0.026000000000000023,16337500
05/03/2024,47224.60567805467,49605.67823325071,47125.39432158817,49605.67823325071,2600,0.05485232067510548,23196300
04/03/2024,46232.49211338966,47571.845425687425,46232.49211338966,47026.18296512167,800,0.01716738197424883,17867800
01/03/2024,46182.88643515641,46926.97160865517,45736.43533105715,46232.49211338966,400,0.008658008658008587,16178500
29/02/2024,46034.069400456654,46629.33753925566,45637.22397459065,45835.64668752365,900,0.019867549668874274,15665800
28/02/2024,44645.11040992563,45488.4069398909,44397.082018759385,44942.74447932514,550,0.012290502793296021,16527900
27/02/2024,44347.47634052613,44843.53312285864,44049.842271126625,44397.082018759385,400,0.00901916572717032,11787718
26/02/2024,43652.99684526062,44149.05362759313,42710.48895882886,44000.23659289338,350,0.007954545454545547,15854800
23/02/2024,44942.74447932514,45190.7728704914,43603.391167027374,43652.99684526062,-1300,-0.028697571743929395,17727600
22/02/2024,45934.858043990156,45934.858043990156,44843.53312285864,44942.74447932514,-800,-0.017353579175705014,11878778
21/02/2024,46331.70346985616,46331.70346985616,45637.22397459065,45736.43533105715,-700,-0.014957264957264904,7012800
20/02/2024,46579.73186102242,46579.73186102242,45637.22397459065,46430.91482632266,0,0,9426400
19/02/2024,46133.28075692316,46827.760252188666,45786.041009290406,46430.91482632266,500,0.010799136069114423,8734200
16/02/2024,46034.069400456654,46232.49211338966,45438.801261657645,45934.858043990156,450,0.009814612868048078,5128000
15/02/2024,46579.73186102242,46629.33753925566,45488.4069398909,45488.4069398909,-750,-0.016094420600858417,9745100
07/02/2024,46579.73186102242,46678.943217488915,46083.67507868991,46232.49211338966,-400,-0.008510638297872353,6748100
06/02/2024,47125.39432158817,47125.39432158817,46430.91482632266,46629.33753925566,-400,-0.008438818565400852,9910000
05/02/2024,47125.39432158817,47224.60567805467,46430.91482632266,47026.18296512167,0,0,7536900
02/02/2024,46133.28075692316,47026.18296512167,45736.43533105715,47026.18296512167,1200,0.025974025974025983,12775200
01/02/2024,44645.11040992563,46331.70346985616,44645.11040992563,45835.64668752365,1200,0.026666666666666616,11406100
31/01/2024,45339.58990519115,45538.01261812415,44297.87066229288,44645.11040992563,-400,-0.008810572687224627,9491600
30/01/2024,44248.26498405963,45091.56151402489,44149.05362759313,45041.95583579164,800,0.017937219730941756,7901200
29/01/2024,44595.50473169239,44793.92744462539,44149.05362759313,44248.26498405963,-300,-0.006681514476614692,4892300
26/01/2024,44645.11040992563,45141.167192258144,44397.082018759385,44545.899053459136,-300,-0.006637168141592875,4846900
25/01/2024,43901.025236426874,44843.53312285864,43752.208201727124,44843.53312285864,800,0.018018018018018056,8613100
24/01/2024,44843.53312285864,45091.56151402489,44000.23659289338,44049.842271126625,-1000,-0.022026431718061623,11048400
23/01/2024,45786.041009290406,45786.041009290406,44893.13880109189,45041.95583579164,-750,-0.01625135427952329,7364100
22/01/2024,45736.43533105715,45934.858043990156,44793.92744462539,45786.041009290406,100,0.0021715526601520097,7975900
19/01/2024,45637.22397459065,46331.70346985616,44942.74447932514,45686.8296528239,200,0.004362050163576825,12844300
18/01/2024,44545.899053459136,45488.4069398909,44248.26498405963,45488.4069398909,950,0.021158129175946616,9333000
17/01/2024,43950.63091466013,45240.37854872464,43950.63091466013,44545.899053459136,600,0.013544018058690765,14801400
16/01/2024,42561.67192412911,44049.842271126625,42462.46056766261,43950.63091466013,1400,0.03263403263403264,18190100
15/01/2024,42214.43217649635,42958.51734999511,41916.798107096845,42561.67192412911,1000,0.023866348448687402,10125100
12/01/2024,41519.95268123084,42264.037854729606,41470.347002997594,41569.55835946409,-550,-0.012956419316843326,7783700
11/01/2024,41916.798107096845,42809.70031529536,41867.1924288636,42115.22082002985,200,0.004733727810650956,5686900
10/01/2024,42363.249211196104,42561.67192412911,41569.55835946409,41916.798107096845,-450,-0.010538641686182681,7906700
09/01/2024,42809.70031529536,42859.30599352861,42065.6151417966,42363.249211196104,-500,-0.01157407407407407,10039100
08/01/2024,43950.63091466013,43950.63091466013,42859.30599352861,42859.30599352861,-650,-0.014823261117445807,7269200
05/01/2024,42859.30599352861,43752.208201727124,42660.883280595604,43504.17981056087,650,0.01504629629629628,10064100
04/01/2024,42859.30599352861,43454.574132327616,42660.883280595604,42859.30599352861,0,0,9772600
03/01/2024,42065.6151417966,43107.33438469486,41668.7697159306,42859.30599352861,750,0.0176678445229681,7105900
02/01/2024,42760.09463706211,42958.51734999511,41817.58675063035,42115.22082002985,-350,-0.008177570093457986,8196900
29/12/2023,42859.30599352861,42958.51734999511,42313.64353296285,42462.46056766261,-250,-0.005807200929152101,5642000
28/12/2023,42512.066245895854,42908.91167176186,42462.46056766261,42710.48895882886,200,0.004667444574095736,8145500
27/12/2023,42363.249211196104,42710.48895882886,42214.43217649635,42512.066245895854,150,0.003512880562060783,6365000
26/12/2023,42214.43217649635,42809.70031529536,42016.00946356335,42363.249211196104,50,0.0011723329425556983,9490400
25/12/2023,42016.00946356335,43355.36277586112,42016.00946356335,42313.64353296285,300,0.007083825265643551,9739900
22/12/2023,42115.22082002985,42313.64353296285,41668.7697159306,42016.00946356335,-300,-0.007033997655334079,7471600
21/12/2023,41867.1924288636,42363.249211196104,41519.95268123084,42313.64353296285,250,0.005896226415094352,8637700
20/12/2023,40329.41640363282,42065.6151417966,40180.59936893307,42065.6151417966,1750,0.043050430504305126,24331400
19/12/2023,39188.48580426806,40577.44479479908,38890.85173486856,40329.41640363282,1050,0.026515151515151603,7070900
18/12/2023,40627.05047303233,40627.05047303233,39188.48580426806,39287.69716073456,-1150,-0.02822085889570547,10066600
15/12/2023,41271.92429006459,41271.92429006459,40180.59936893307,40428.62776009933,-850,-0.02043269230769229,15172200
14/12/2023,41767.981072397095,41966.4037853301,41073.50157713159,41271.92429006459,-100,-0.0023980815347721673,14368000
13/12/2023,42462.46056766261,43256.15141939461,41222.31861183134,41371.13564653109,-800,-0.018823529411764683,13323600
12/12/2023,42164.8264982631,42264.037854729606,41767.981072397095,42164.8264982631,0,0,7282000
11/12/2023,42264.037854729606,42313.64353296285,41569.55835946409,42164.8264982631,-100,-0.0023474178403756207,7444500
08/12/2023,40478.23343833258,42660.883280595604,40081.388012466574,42264.037854729606,1750,0.04283965728274164,17607000
07/12/2023,40726.26182949883,40775.86750773208,39188.48580426806,40527.839116565825,-100,-0.0024420024420024333,11560000
06/12/2023,39684.54258660057,40726.26182949883,39634.936908367315,40627.05047303233,950,0.023749999999999938,9776800
05/12/2023,39634.936908367315,39783.753943067066,39386.90851720106,39684.54258660057,50,0.0012515644555695093,7196600
04/12/2023,38593.21766546905,40130.99369069982,38494.00630900255,39634.936908367315,1200,0.030967741935483906,11280400
01/12/2023,38444.4006307693,38692.42902193555,37749.92113550379,38444.4006307693,250,0.006493506493506551,5048100
30/11/2023,38543.611987235796,38791.64037840205,38196.37223960304,38196.37223960304,-300,-0.0077319587628865705,4987098
29/11/2023,37849.13249197029,39138.880126034805,37849.13249197029,38494.00630900255,800,0.021052631578947434,9512200
28/11/2023,37749.92113550379,37849.13249197029,37055.44164023828,37700.31545727054,0,0,6801600
27/11/2023,38196.37223960304,38245.977917836295,37700.31545727054,37700.31545727054,-550,-0.014267185473411104,6093900
24/11/2023,37601.104100804034,38245.977917836295,36857.018927305275,38245.977917836295,1250,0.03351206434316345,11662000
23/11/2023,39684.54258660057,39982.17665600007,37005.835962005025,37005.835962005025,-2500,-0.06281407035175879,9553600
22/11/2023,40478.23343833258,40527.839116565825,38990.063091335054,39486.119873667565,-1100,-0.02689486552567233,15397500
21/11/2023,41172.712933598086,41172.712933598086,40279.81072539958,40577.44479479908,350,0.008631319358816336,6743700
20/11/2023,39833.35962130032,41321.52996829784,39833.35962130032,40230.205047166324,-850,-0.020531400966183555,7703500
17/11/2023,41172.712933598086,42164.8264982631,40329.41640363282,41073.50157713159,-100,-0.002409638554216831,11045900
16/11/2023,41172.712933598086,41271.92429006459,40379.022081866075,41172.712933598086,-400,-0.009546539379474916,10586200
15/11/2023,42065.6151417966,42164.8264982631,41023.895898898336,41569.55835946409,400,0.009638554216867545,12890300
14/11/2023,40676.65615126558,41767.981072397095,40478.23343833258,41172.712933598086,1500,0.03750000000000009,15235500
13/11/2023,39238.09148250131,39982.17665600007,38742.0347001688,39684.54258660057,600,0.015228426395939021,9522300
10/11/2023,39436.51419543431,39982.17665600007,38692.42902193555,39089.27444780156,-900,-0.022332506203473934,11053600
09/11/2023,40180.59936893307,41023.895898898336,39585.33123013406,39982.17665600007,700,0.017676767676767735,12143300
08/11/2023,37601.104100804034,39287.69716073456,36410.567823206016,39287.69716073456,1400,0.03664921465968596,19816000
07/11/2023,37601.104100804034,39138.880126034805,37204.25867493803,37898.73817020354,150,0.003942181340341744,13765400
06/11/2023,38692.42902193555,38692.42902193555,37303.47003140453,37749.92113550379,-900,-0.023106546854942178,13078700
03/11/2023,37204.25867493803,38890.85173486856,36708.201892605524,38642.8233437023,1950,0.05270270270270272,12409700
02/11/2023,35616.876971474005,37105.04731847153,33335.015772744475,36708.201892605524,1900,0.054131054131054235,21681700
01/11/2023,36708.201892605524,37402.68138787103,34823.18611974199,34823.18611974199,-2600,-0.06896551724137934,21863600
31/10/2023,40081.388012466574,40379.022081866075,37402.68138787103,37402.68138787103,-2800,-0.06913580246913575,15133100
30/10/2023,40775.86750773208,41420.74132476434,40180.59936893307,40180.59936893307,-1500,-0.0357142857142857,4371000
27/10/2023,41966.4037853301,42164.8264982631,41073.50157713159,41668.7697159306,0,0,4721100
26/10/2023,41867.1924288636,42065.6151417966,40180.59936893307,41668.7697159306,-1500,-0.03448275862068961,15155000
25/10/2023,42660.883280595604,43851.41955819362,42660.883280595604,43156.940062928115,500,0.011627906976744207,6202100
24/10/2023,42760.09463706211,43256.15141939461,41420.74132476434,42660.883280595604,0,0,9436000
23/10/2023,44347.47634052613,44496.29337522588,42264.037854729606,42660.883280595604,-1700,-0.03803131991051456,8865200
20/10/2023,42660.883280595604,44645.11040992563,42660.883280595604,44347.47634052613,1700,0.03953488372093017,7022500
19/10/2023,43851.41955819362,44347.47634052613,42660.883280595604,42660.883280595604,-1700,-0.03803131991051456,8197300
18/10/2023,46430.91482632266,46629.33753925566,43305.757097627866,44347.47634052613,-1600,-0.03455723542116629,11564600
17/10/2023,48514.353312119194,48514.353312119194,45934.858043990156,45934.858043990156,-2300,-0.04732510288065839,7887900
16/10/2023,49109.6214509182,50300.15772851622,48216.719242719686,48216.719242719686,-900,-0.018181818181818188,8502700
13/10/2023,48117.50788625319,49109.6214509182,48067.902208019936,49109.6214509182,1100,0.022727272727272707,9845400
12/10/2023,48911.1987379852,49109.6214509182,47819.87381685368,48018.29652978668,-900,-0.018255578093306246,13833700
11/10/2023,48613.56466858569,48911.1987379852,48216.719242719686,48911.1987379852,450,0.00921187308085969,3478300
10/10/2023,48018.29652978668,49060.01577268495,48018.29652978668,48464.74763388594,900,0.018769551616266922,4821300
09/10/2023,47968.69085155343,48514.353312119194,47274.211356287924,47571.845425687425,-350,-0.007246376811594235,6490300
06/10/2023,46530.126182789165,48117.50788625319,45934.858043990156,47919.085173320185,1300,0.027659574468085202,5188100
05/10/2023,49506.46687678421,49506.46687678421,46629.33753925566,46629.33753925566,-2200,-0.04471544715447151,6348200
04/10/2023,47621.45110392068,49605.67823325071,47621.45110392068,48811.987381518695,200,0.004081632653061273,4826800
03/10/2023,51093.848580248225,51093.848580248225,47919.085173320185,48613.56466858569,-2900,-0.055876685934489356,8976200
02/10/2023,52185.173501379744,52582.01892724575,51391.48264964773,51490.69400611423,-700,-0.013307984790874472,4507600
29/09/2023,53375.70977897776,53375.70977897776,52185.173501379744,52185.173501379744,-400,-0.007547169811320753,4975900
28/09/2023,52482.807570779245,54268.61198717627,52085.96214491324,52582.01892724575,1000,0.019230769230769162,8909300
27/09/2023,50697.003154382226,51589.905362580736,49804.10094618371,51589.905362580736,500,0.009708737864077666,4904400
26/09/2023,50697.003154382226,51292.27129318123,50101.73501558322,51093.848580248225,500,0.009803921568627416,8321400
25/09/2023,51193.05993671473,52582.01892724575,49506.46687678421,50597.79179791572,-1100,-0.021113243761996192,7693400
22/09/2023,52681.23028371225,52978.864353111756,50895.42586731523,51689.11671904723,-2100,-0.03874538745387457,11911300
21/09/2023,55359.93690830779,55359.93690830779,53772.55520484377,53772.55520484377,-1600,-0.028673835125448077,9500900
20/09/2023,54665.45741304228,55756.7823341738,54169.40063070977,55359.93690830779,300,0.00540540540540535,6834800
19/09/2023,54665.45741304228,55062.30283890828,52582.01892724575,55062.30283890828,500,0.009090909090909038,8835900
18/09/2023,55161.51419537479,55161.51419537479,53673.34384837726,54566.24605657578,-900,-0.01610017889087656,6610200
15/09/2023,57046.52996823831,57046.52996823831,54963.091482441785,55459.14826477429,-1400,-0.024432809773123898,9638900
14/09/2023,57244.952681171315,58038.64353290333,56649.684542372306,56848.10725530531,-200,-0.003478260869565264,10335664
13/09/2023,55657.57097770729,58832.33438463534,55062.30283890828,57046.52996823831,1700,0.03046594982078843,16101000
12/09/2023,54070.18927424327,55359.93690830779,53574.132491910765,55359.93690830779,1300,0.023853211009174258,4794326
11/09/2023,55359.93690830779,55756.7823341738,53375.70977897776,54070.18927424327,-1000,-0.018018018018018056,9091400
08/09/2023,54070.18927424327,56054.4164035733,54070.18927424327,55062.30283890828,500,0.009090909090909038,8805801
07/09/2023,54764.66876950878,55359.93690830779,53871.766561310265,54566.24605657578,0,0,6138400
06/09/2023,53871.766561310265,55161.51419537479,53375.70977897776,54566.24605657578,700,0.012891344383057168,5286700
05/09/2023,53375.70977897776,55062.30283890828,52978.864353111756,53871.766561310265,500,0.009293680297397744,8373500
31/08/2023,53574.132491910765,53970.97791777677,53078.075709578254,53375.70977897776,0,0,5706101
30/08/2023,52582.01892724575,54070.18927424327,52482.807570779245,53375.70977897776,900,0.017013232514177634,7507500
29/08/2023,51391.48264964773,52780.44164017875,51093.848580248225,52482.807570779245,1200,0.023210831721470093,8303900
28/08/2023,50498.58044144922,51490.69400611423,50002.52365911671,51292.27129318123,1200,0.023762376237623783,8495501
25/08/2023,49903.312302650214,50994.63722378173,49605.67823325071,50101.73501558322,200,0.003976143141153132,7139004
24/08/2023,49308.044163851206,50399.36908498272,49308.044163851206,49903.312302650214,600,0.012072434607645954,6633802
23/08/2023,50300.15772851622,50300.15772851622,48811.987381518695,49308.044163851206,-300,-0.006000000000000005,5162501
22/08/2023,48712.7760250522,49804.10094618371,46976.577286888416,49605.67823325071,1000,0.020408163265306145,10445809
21/08/2023,49605.67823325071,50101.73501558322,48365.53627741944,48613.56466858569,-1200,-0.0239043824701195,7946812
18/08/2023,53474.92113544426,53474.92113544426,49804.10094618371,49804.10094618371,-3700,-0.06864564007421148,14657501
17/08/2023,53673.34384837726,54764.66876950878,52978.864353111756,53474.92113544426,100,0.0018587360594795044,8131409
16/08/2023,53574.132491910765,53871.766561310265,52582.01892724575,53375.70977897776,-200,-0.0037037037037036535,5174509
15/08/2023,54169.40063070977,55459.14826477429,53574.132491910765,53574.132491910765,-200,-0.0036900369003689537,8931416
14/08/2023,53474.92113544426,53871.766561310265,52185.173501379744,53772.55520484377,900,0.016885553470919357,9615914
11/08/2023,51788.32807551374,52879.65299664525,50597.79179791572,52879.65299664525,1300,0.02499999999999991,6318830
10/08/2023,52582.01892724575,52582.01892724575,51292.27129318123,51589.905362580736,-600,-0.011406844106463865,5349915
09/08/2023,52978.864353111756,52978.864353111756,51589.905362580736,52185.173501379744,-1000,-0.018656716417910446,8966026
08/08/2023,53574.132491910765,53871.766561310265,52978.864353111756,53177.28706604476,-200,-0.0037174721189591198,5735023
07/08/2023,53276.49842251126,54467.034700109274,52879.65299664525,53375.70977897776,800,0.015094339622641506,6494424
04/08/2023,52582.01892724575,52780.44164017875,51887.539431980236,52582.01892724575,300,0.005692599620493288,7529425
03/08/2023,51391.48264964773,53276.49842251126,50994.63722378173,52284.38485784624,1000,0.01934235976789167,8773538
02/08/2023,51292.27129318123,52085.96214491324,51193.05993671473,51292.27129318123,0,0,5318322
01/08/2023,53673.34384837726,53673.34384837726,51292.27129318123,51292.27129318123,-2000,-0.03724394785847296,7531817
31/07/2023,53574.132491910765,53772.55520484377,52185.173501379744,53276.49842251126,-800,-0.014678899082568808,8293143
28/07/2023,53474.92113544426,54467.034700109274,52780.44164017875,54070.18927424327,400,0.007393715341959428,4071718
27/07/2023,51986.75078844674,54070.18927424327,51788.32807551374,53673.34384837726,2000,0.03838771593090207,7173112
26/07/2023,52671.79954550433,53261.40924190923,51099.50702175793,51689.116718162826,-1000,-0.018656716417910446,6850222
25/07/2023,53556.21409011167,53556.21409011167,51983.92156636528,52671.79954550433,-900,-0.016513761467889854,4625913
24/07/2023,52082.18984909943,53556.21409011167,51099.50702175793,53556.21409011167,300,0.005714285714285783,4898428
21/07/2023,48249.72682246758,51590.84843542868,48102.324398366356,51590.84843542868,3400,0.06924643584521384,13787117
20/07/2023,47561.84884332853,48642.79995340418,47561.84884332853,48249.72682246758,600,0.012371134020618513,5743009
19/07/2023,47561.84884332853,48102.324398366356,47119.641571024855,47660.11712606268,450,0.009365244536940764,4356900
18/07/2023,47561.84884332853,47758.385408796836,46923.10500555656,47217.90985375901,-600,-0.012332990750256956,4761000
17/07/2023,48642.79995340418,48986.73894297371,47807.51955016391,47807.51955016391,-800,-0.016177957532861442,3285300
14/07/2023,48495.39752930296,48593.66581203711,47660.11712606268,48593.66581203711,100,0.0020263424518742745,6558000
13/07/2023,48347.995105201735,49035.87308434078,48298.86096383465,48495.39752930296,200,0.004069175991861629,6163201
12/07/2023,47512.71470196146,48446.263387935884,47365.312277860234,48298.86096383465,350,0.0071721311475410054,6441900
11/07/2023,46775.702581455334,47954.92197426513,46530.031874619955,47954.92197426513,1050,0.02198952879581162,8835000
10/07/2023,45252.54419907601,46923.10500555656,45006.87349224064,46923.10500555656,2250,0.0494505494505495,11422200
07/07/2023,42304.49571705151,44712.06864403818,42304.49571705151,44712.06864403818,2300,0.0532407407407407,9878200
06/07/2023,42648.43470662104,42992.37369619057,42107.959151583214,42451.89814115274,-150,-0.0034602076124568004,4541700
05/07/2023,42697.568847988114,43680.251675329615,42599.300565253965,42599.300565253965,100,0.0023121387283238093,9840122
04/07/2023,42157.09329295029,42894.10541345641,41911.42258611492,42501.03228251982,250,0.005813953488372103,5499401
03/07/2023,42697.568847988114,42894.10541345641,42058.82501021614,42255.36157568444,-300,-0.006928406466512715,2779600
30/06/2023,41960.55672748199,43139.77612029179,41764.020162013694,42550.16642388689,600,0.014051522248243575,5148300
29/06/2023,42746.70298935519,43139.77612029179,41960.55672748199,41960.55672748199,-1200,-0.02733485193621865,4800200
28/06/2023,43434.580968494236,43680.251675329615,42451.89814115274,43139.77612029179,-300,-0.006787330316742057,4644609
27/06/2023,43581.983392595466,44122.458947633284,42992.37369619057,43434.580968494236,-150,-0.0033821871476887866,3814200
26/06/2023,42795.83713072226,43729.38581669669,41862.28844474784,43581.983392595466,1450,0.03379953379953382,6948400
23/06/2023,42304.49571705151,42451.89814115274,41960.55672748199,42157.09329295029,-150,-0.0034843205574912606,3989200
22/06/2023,42107.959151583214,42894.10541345641,41616.617737912464,42304.49571705151,350,0.008196721311475308,5100101
21/06/2023,41764.020162013694,41960.55672748199,41469.21531381124,41960.55672748199,200,0.004705882352941115,4762600
20/06/2023,40879.60561740634,41764.020162013694,40879.60561740634,41764.020162013694,1000,0.024096385542168752,3868200
19/06/2023,40633.93491057097,40977.87390014049,40388.26420373559,40781.33733467219,150,0.0036275695284160303,2986700
16/06/2023,41223.54460697587,41567.48359654539,40437.398345102665,40633.93491057097,-350,-0.008393285371702586,5147000
15/06/2023,41321.81288971002,41665.75187927954,40732.20319330512,40977.87390014049,-350,-0.008323424494649179,3600700
14/06/2023,42255.36157568444,42255.36157568444,41321.81288971002,41321.81288971002,-950,-0.02209302325581397,3831500
13/06/2023,42648.43470662104,42648.43470662104,41862.28844474784,42255.36157568444,0,0,4493800
12/06/2023,40928.739758773416,42255.36157568444,40781.33733467219,42255.36157568444,1600,0.03864734299516903,7248100
09/06/2023,40289.99592100144,40683.069051938044,39798.65450733069,40683.069051938044,750,0.01845018450184499,4393100
08/06/2023,41272.67874834294,41272.67874834294,39896.92279006484,39946.05693143192,-1150,-0.027511961722488043,4677900
07/06/2023,41076.14218287464,41223.54460697587,40339.13006236852,41076.14218287464,0,0,5520800
06/06/2023,40486.53248646974,41321.81288971002,40339.13006236852,41076.14218287464,600,0.014563106796116498,4890500
05/06/2023,40289.99592100144,40879.60561740634,40093.459355533145,40486.53248646974,400,0.009803921568627416,6786200
02/06/2023,38766.83753862212,40142.59349690022,38521.166831786744,40093.459355533145,1500,0.03816793893129766,6117900
01/06/2023,38668.56925588797,38815.9716799892,38029.825418115994,38619.43511452089,100,0.0025510204081633514,4522900
31/05/2023,38619.43511452089,38766.83753862212,38275.49612495137,38521.166831786744,-200,-0.005076142131979711,1995100
30/05/2023,38177.227842217224,39110.77652819164,38177.227842217224,38717.70339725504,700,0.01808785529715773,4840001
29/05/2023,37784.15471128062,38029.825418115994,37489.34986307817,38029.825418115994,500,0.01308900523560208,3747700
26/05/2023,37391.08158034402,37735.02056991355,37341.947438976946,37538.48400444525,200,0.0052631578947368585,2342500
25/05/2023,37292.81329760987,37735.02056991355,37145.41087350865,37341.947438976946,50,0.0013175230566535578,2910600
24/05/2023,37735.02056991355,37784.15471128062,37243.6791562428,37292.81329760987,-300,-0.007843137254901933,2884600
23/05/2023,37980.69127674892,38128.09370085014,37538.48400444525,37587.618145812325,-300,-0.0077821011673151474,2536000
22/05/2023,37685.88642854647,37980.69127674892,37391.08158034402,37882.42299401477,250,0.006527415143603221,1548200
19/05/2023,37440.215721711094,37636.7522871794,37145.41087350865,37636.7522871794,200,0.005249343832020914,1643100
18/05/2023,37882.42299401477,38029.825418115994,37440.215721711094,37440.215721711094,-50,-0.001310615989515096,2874600
17/05/2023,37784.15471128062,37980.69127674892,37292.81329760987,37489.34986307817,-300,-0.007802340702210642,1326900
16/05/2023,38226.3619835843,38275.49612495137,37538.48400444525,37784.15471128062,-450,-0.011568123393316143,2419200
15/05/2023,38472.03269041967,38717.70339725504,38177.227842217224,38226.3619835843,-100,-0.002564102564102555,2862401
12/05/2023,38078.95955948307,38422.898549052596,37538.48400444525,38324.63026631845,300,0.007751937984496138,2033800
11/05/2023,38472.03269041967,38668.56925588797,37882.42299401477,38029.825418115994,-300,-0.007692307692307665,2259300
10/05/2023,37391.08158034402,38324.63026631845,37243.6791562428,38324.63026631845,1050,0.027667984189723382,3131601
09/05/2023,37194.54501487572,37685.88642854647,37194.54501487572,37292.81329760987,100,0.0026420079260238705,981101
08/05/2023,37145.41087350865,37587.618145812325,37145.41087350865,37194.54501487572,50,0.001322751322751392,1349200
05/05/2023,37243.6791562428,37440.215721711094,36998.008449407425,37145.41087350865,-100,-0.0026385224274406704,3642600
04/05/2023,37440.215721711094,38226.3619835843,37243.6791562428,37243.6791562428,-1300,-0.03316326530612246,4080400
28/04/2023,37980.69127674892,38521.166831786744,37931.557135381845,38521.166831786744,550,0.014230271668822736,5603700
27/04/2023,37833.288852647696,37980.69127674892,37489.34986307817,37980.69127674892,250,0.006510416666666741,1286400
26/04/2023,37047.1425907745,37735.02056991355,36998.008449407425,37735.02056991355,700,0.018567639257294433,1885600
25/04/2023,37931.557135381845,38128.09370085014,36850.606025306195,37047.1425907745,-700,-0.01822916666666663,4201356
24/04/2023,38521.166831786744,38619.43511452089,37587.618145812325,37735.02056991355,-900,-0.022900763358778664,5278200
21/04/2023,39700.38622459654,39700.38622459654,38619.43511452089,38619.43511452089,-1100,-0.027227722772277252,3295500
20/04/2023,39798.65450733069,39798.65450733069,39209.04481092579,39700.38622459654,-100,-0.0024691358024691024,2496200
19/04/2023,39356.44723502702,40584.800769203895,39307.31309365994,39798.65450733069,550,0.013767209011264159,3644500
18/04/2023,39847.788648697766,40044.32521416607,39258.17895229287,39258.17895229287,100,0.0025094102885820924,3630700
17/04/2023,39159.91066955872,39307.31309365994,38865.10582135627,39159.91066955872,-150,-0.003750000000000031,1871300
14/04/2023,40535.666627836814,40683.069051938044,39307.31309365994,39307.31309365994,-1050,-0.025578562728379994,2679300
13/04/2023,40289.99592100144,40584.800769203895,39946.05693143192,40339.13006236852,300,0.007361963190184007,3716000
12/04/2023,39798.65450733069,40977.87390014049,39798.65450733069,40044.32521416607,50,0.0012285012285011554,5666500
11/04/2023,40289.99592100144,40289.99592100144,39503.849659128246,39995.191072798996,-300,-0.007317073170731714,5749500
10/04/2023,38521.166831786744,40437.398345102665,38521.166831786744,40289.99592100144,2000,0.05128205128205132,11233372
07/04/2023,38177.227842217224,38373.76440768552,37833.288852647696,38324.63026631845,-100,-0.002557544757033292,2661000
06/04/2023,39307.31309365994,39307.31309365994,38373.76440768552,38422.898549052596,-650,-0.01635220125786163,2531100
05/04/2023,39110.77652819164,39159.91066955872,38815.9716799892,39061.64238682457,-50,-0.0012562814070351536,1735900
04/04/2023,38422.898549052596,39258.17895229287,38373.76440768552,39110.77652819164,800,0.02051282051282044,3133300
03/04/2023,38324.63026631845,38521.166831786744,38029.825418115994,38324.63026631845,450,0.011673151750972721,3185100
31/03/2023,37882.42299401477,38275.49612495137,37587.618145812325,37882.42299401477,-50,-0.0012953367875647714,3474400
30/03/2023,38128.09370085014,38521.166831786744,37489.34986307817,37931.557135381845,-100,-0.0025839793281653423,6491100
29/03/2023,38570.30097315382,38668.56925588797,38029.825418115994,38029.825418115994,-400,-0.010230179028132946,3006304
28/03/2023,37538.48400444525,38619.43511452089,37440.215721711094,38422.898549052596,1000,0.026246719160105014,5829700
27/03/2023,37341.947438976946,37784.15471128062,37194.54501487572,37440.215721711094,150,0.0039525691699604515,3170100
24/03/2023,36948.87430804035,37538.48400444525,36948.87430804035,37292.81329760987,150,0.003968253968253954,2964900
23/03/2023,36948.87430804035,37292.81329760987,36850.606025306195,37145.41087350865,-150,-0.0039525691699604515,2890500
22/03/2023,37980.69127674892,37980.69127674892,37292.81329760987,37292.81329760987,-550,-0.014285714285714235,2637000
21/03/2023,38128.09370085014,38128.09370085014,36850.606025306195,37833.288852647696,400,0.01049868766404205,3378100
20/03/2023,38324.63026631845,38717.70339725504,37391.08158034402,37440.215721711094,-1300,-0.032994923857868064,3288800
17/03/2023,39209.04481092579,39209.04481092579,38177.227842217224,38717.70339725504,0,0,1372278
16/03/2023,39307.31309365994,39307.31309365994,38128.09370085014,38717.70339725504,-600,-0.015000000000000013,2015000
15/03/2023,38914.239962723346,39405.5813763941,38717.70339725504,39307.31309365994,1400,0.03626943005181338,2316600
14/03/2023,38619.43511452089,38914.239962723346,37636.7522871794,37931.557135381845,-800,-0.02030456852791873,1834600
13/03/2023,39061.64238682457,39307.31309365994,38717.70339725504,38717.70339725504,-350,-0.008805031446540879,1349100
10/03/2023,39209.04481092579,39405.5813763941,38717.70339725504,39061.64238682457,-250,-0.006249999999999978,1611840
09/03/2023,38914.239962723346,39847.788648697766,38865.10582135627,39307.31309365994,600,0.015228426395939021,2796410
08/03/2023,38324.63026631845,38865.10582135627,37980.69127674892,38717.70339725504,-300,-0.007556675062972307,3249400
07/03/2023,39307.31309365994,39503.849659128246,38521.166831786744,39012.508245457495,300,0.0076142131979695105,1618818
06/03/2023,39258.17895229287,39798.65450733069,38717.70339725504,38717.70339725504,0,0,1474200
03/03/2023,39602.117941862394,39896.92279006484,38717.70339725504,38717.70339725504,-900,-0.022332506203473934,1878100
02/03/2023,40093.459355533145,40289.99592100144,39307.31309365994,39602.117941862394,-500,-0.01225490196078427,1101300
01/03/2023,39307.31309365994,40289.99592100144,38570.30097315382,40093.459355533145,800,0.020000000000000018,1904100
28/02/2023,39798.65450733069,40486.53248646974,39159.91066955872,39307.31309365994,-500,-0.012345679012345734,1596900
27/02/2023,40289.99592100144,41174.410465608795,39798.65450733069,39798.65450733069,-1600,-0.038004750593824244,2238200
24/02/2023,41764.020162013694,42206.22743431736,40879.60561740634,41370.94703107709,-900,-0.020930232558139528,2653700
23/02/2023,42058.82501021614,42255.36157568444,41272.67874834294,42255.36157568444,0,0,4749300
22/02/2023,43238.04440302594,43729.38581669669,42255.36157568444,42255.36157568444,-1500,-0.0337078651685393,2544500
21/02/2023,43631.11753396254,44466.39793720281,43631.11753396254,43729.38581669669,200,0.004514672686230181,1405600
20/02/2023,42451.89814115274,43532.849251228385,42009.690868849066,43532.849251228385,1050,0.024277456647398887,2358600
17/02/2023,42550.16642388689,42550.16642388689,42107.959151583214,42501.03228251982,-50,-0.0011547344110854896,2236500
16/02/2023,42451.89814115274,42746.70298935519,42058.82501021614,42550.16642388689,550,0.012865497076023358,3311500
15/02/2023,41764.020162013694,42746.70298935519,41764.020162013694,42009.690868849066,250,0.00588235294117645,3123400
14/02/2023,42058.82501021614,42255.36157568444,41665.75187927954,41764.020162013694,0,0,3939400
13/02/2023,41370.94703107709,41764.020162013694,40781.33733467219,41764.020162013694,400,0.009501187648456089,3560500
10/02/2023,43238.04440302594,43680.251675329615,41370.94703107709,41370.94703107709,-1900,-0.04318181818181821,5418900
09/02/2023,43631.11753396254,44662.93450267111,43238.04440302594,43238.04440302594,-500,-0.011235955056179803,4760100
08/02/2023,44908.60520950649,45203.410057708934,43729.38581669669,43729.38581669669,-1200,-0.026258205689277947,6504800
07/02/2023,45842.15389548091,47168.77571239194,44908.60520950649,44908.60520950649,-1450,-0.030752916224814464,12989700
06/02/2023,46186.092885050435,46382.62945051873,44908.60520950649,46333.49530915166,-650,-0.013598326359832602,11732900
03/02/2023,47217.90985375901,47758.385408796836,46972.23914692363,46972.23914692363,-2100,-0.04208416833667339,13283465
02/02/2023,46136.95874368336,49035.87308434078,45498.21490591139,49035.87308434078,2800,0.05944798301486198,13392800
01/02/2023,45399.94662317724,46333.49530915166,44908.60520950649,46284.361167784584,600,0.012903225806451646,10006500
31/01/2023,45105.141774974785,45694.751471379685,44564.66621993696,45694.751471379685,300,0.006493506493506551,7683800
30/01/2023,45105.141774974785,45989.55631958214,44613.800361304035,45399.94662317724,300,0.006535947712418277,3206700
27/01/2023,45596.483188645536,46087.82460231629,45105.141774974785,45105.141774974785,300,0.006578947368421018,2619800
19/01/2023,44171.593089000366,45301.67834044308,43975.05652353206,44810.33692677234,650,0.014460511679644128,3493900
18/01/2023,42746.70298935519,44417.26379583574,42501.03228251982,44171.593089000366,1900,0.04413472706155641,3686900
17/01/2023,41665.75187927954,42648.43470662104,41469.21531381124,42304.49571705151,1150,0.027446300715990413,2760600
16/01/2023,41321.81288971002,41567.48359654539,40977.87390014049,41174.410465608795,-150,-0.003567181926278251,1408900
13/01/2023,41665.75187927954,41911.42258611492,41321.81288971002,41321.81288971002,-50,-0.001187648456057011,1129500
12/01/2023,41813.15430338077,42255.36157568444,41321.81288971002,41370.94703107709,-450,-0.010575793184488869,1625100
11/01/2023,41567.48359654539,42451.89814115274,41567.48359654539,41813.15430338077,350,0.0082938388625593,1961200
10/01/2023,41272.67874834294,41862.28844474784,41174.410465608795,41469.21531381124,200,0.004761904761904745,1494300
09/01/2023,42402.76399978567,42550.16642388689,41272.67874834294,41272.67874834294,-1150,-0.02665121668597914,2663500
06/01/2023,42844.97127208934,43090.641978924716,42402.76399978567,42402.76399978567,-450,-0.010321100917431214,2077500
05/01/2023,43139.77612029179,43238.04440302594,42550.16642388689,42844.97127208934,100,0.0022988505747125743,1602800
04/01/2023,42353.62985841859,43532.849251228385,42353.62985841859,42746.70298935519,-450,-0.010238907849829393,1872700
03/01/2023,42058.82501021614,43238.04440302594,41764.020162013694,43188.910261658864,1050,0.02447552447552437,1998900
30/12/2022,42058.82501021614,42255.36157568444,41321.81288971002,42157.09329295029,0,0,3402400
29/12/2022,41764.020162013694,42157.09329295029,41370.94703107709,42157.09329295029,,,1512100
28/12/2022,42255.36157568444,42451.89814115274,41174.410465608795,42255.36157568444,,,3129600
27/12/2022,40781.33733467219,43041.50783755764,40781.33733467219,43041.50783755764,,,2455100
26/12/2022,44712.06864403818,44957.73935087356,41862.28844474784,41862.28844474784,,,9209500
23/12/2022,45694.751471379685,45694.751471379685,44761.202785405265,45006.87349224064,,,2651400
22/12/2022,45547.34904727846,45891.28803684798,44515.532078569886,45694.751471379685,,,2255800
21/12/2022,45694.751471379685,45940.422178215056,43581.983392595466,45596.483188645536,,,2096100
20/12/2022,45793.01975411383,46038.69046094921,43434.580968494236,45694.751471379685,,,3401500
19/12/2022,46775.702581455334,47954.92197426513,46333.49530915166,46333.49530915166,,,3782800
16/12/2022,45940.422178215056,47119.641571024855,45105.141774974785,47021.373288290706,,,3003400
15/12/2022,45645.61733001261,46677.434298721186,45350.812481810164,46186.092885050435,,,2539400
14/12/2022,46480.89773325288,46480.89773325288,45006.87349224064,45645.61733001261,,,2240600
13/12/2022,44957.73935087356,45596.483188645536,43631.11753396254,45596.483188645536,,,2745200
12/12/2022,45399.94662317724,46480.89773325288,44220.72723036744,45105.141774974785,,,3474400
09/12/2022,45203.410057708934,45793.01975411383,44564.66621993696,45399.94662317724,,,1675300
08/12/2022,45006.87349224064,46186.092885050435,44417.26379583574,45203.410057708934,,,2677700
07/12/2022,43581.983392595466,44220.72723036744,42746.70298935519,44073.32480626621,,,2930100
06/12/2022,46382.62945051873,46382.62945051873,43581.983392595466,43581.983392595466,,,4561500
05/12/2022,46235.22702641751,48004.05611563221,46235.22702641751,46775.702581455334,,,4646000
02/12/2022,42648.43470662104,46186.092885050435,42648.43470662104,46186.092885050435,,,7064800
01/12/2022,44220.72723036744,44810.33692677234,42009.690868849066,43287.17854439301,,,5985800
30/11/2022,42844.97127208934,44220.72723036744,42255.36157568444,43336.31268576009,,,3777700
29/11/2022,39798.65450733069,42058.82501021614,39798.65450733069,42058.82501021614,,,5518600
28/11/2022,37636.7522871794,39700.38622459654,37636.7522871794,39454.71551776117,,,4322000
25/11/2022,36899.74016667327,37636.7522871794,35867.9231979647,37145.41087350865,,,3195300
24/11/2022,38521.166831786744,38521.166831786744,37047.1425907745,37047.1425907745,,,13884600
23/11/2022,39602.117941862394,40191.72763826729,39405.5813763941,39798.65450733069,,,1510200
22/11/2022,39503.849659128246,40879.60561740634,39159.91066955872,39503.849659128246,,,3707900
21/11/2022,41223.54460697587,41223.54460697587,39946.05693143192,39946.05693143192,,,1862800
18/11/2022,40289.99592100144,41518.349455178315,39209.04481092579,41420.08117244417,,,4447700
17/11/2022,41027.008041507564,42157.09329295029,40093.459355533145,41076.14218287464,,,3201200
16/11/2022,34639.56966378783,39749.52036596362,34639.56966378783,39749.52036596362,,,9358100
15/11/2022,37538.48400444525,38815.9716799892,37194.54501487572,37194.54501487572,,,4327900
14/11/2022,41272.67874834294,42009.690868849066,39700.38622459654,39946.05693143192,,,3561900
11/11/2022,42648.43470662104,43631.11753396254,42255.36157568444,42255.36157568444,,,3645900
10/11/2022,44171.593089000366,44171.593089000366,41616.617737912464,41616.617737912464,,,3670600
09/11/2022,44220.72723036744,45645.61733001261,43778.51995806376,44712.06864403818,,,2234900
08/11/2022,42107.959151583214,44810.33692677234,40584.800769203895,43827.65409943084,,,4153800
07/11/2022,45203.410057708934,45743.88561274676,42107.959151583214,42107.959151583214,,,6474200
04/11/2022,46726.56844008826,47168.77571239194,45252.54419907601,45252.54419907601,,,6372900
03/11/2022,48151.45853973343,49428.94621527738,47267.043995126085,48642.79995340418,,,2640000
02/11/2022,49134.14136707493,49428.94621527738,45989.55631958214,47168.77571239194,,,4983700
01/11/2022,51099.50702175793,51590.84843542868,49232.40964980908,49232.40964980908,,,2039200
31/10/2022,51492.58015269453,51983.92156636528,48642.79995340418,50706.433890821325,,,5555500
28/10/2022,52573.53126277018,53457.945807377524,51885.65328363112,52278.726414567725,,,1865000
27/10/2022,50411.62904261888,52966.60439370677,50411.62904261888,52376.994697301874,,,3311200
26/10/2022,51197.775304492076,51590.84843542868,49723.75106347983,51001.23873902378,,,2405200
25/10/2022,49822.01934621398,53064.87267644092,48151.45853973343,51099.50702175793,,,4670700
24/10/2022,53556.21409011167,54047.55550378242,49723.75106347983,49723.75106347983,,,6018000
21/10/2022,57290.408834009366,57290.408834009366,53457.945807377524,53457.945807377524,,,8142300
20/10/2022,57192.14055127522,57978.28681314842,56897.33570307277,57388.67711674352,,,1936900
19/10/2022,58174.82337861672,58469.628226819164,57290.408834009366,57978.28681314842,,,1537400
18/10/2022,58862.70135775577,59452.311054160666,57585.21368221182,57978.28681314842,,,2408900
17/10/2022,58567.89650955332,58567.89650955332,56799.06742033862,57880.018530414265,,,2810800
14/10/2022,56995.60398580692,59255.77448869237,56995.60398580692,58862.70135775577,,,3209900
13/10/2022,56012.92115846542,57192.14055127522,55521.57974479467,56602.53085487032,,,1986100
12/10/2022,54538.896917453174,57781.75024768012,54538.896917453174,56504.26257213617,,,2886100
11/10/2022,56111.18944119957,56602.53085487032,53163.14095917508,54440.628634719025,,,2967300
10/10/2022,52180.45813183358,56307.72600666787,52082.18984909943,56111.18944119957,,,3969100
07/10/2022,55521.57974479467,56897.33570307277,53064.87267644092,53064.87267644092,,,8527200
06/10/2022,61122.871860641215,61221.14014337536,56995.60398580692,56995.60398580692,,,4352900
05/10/2022,59943.652467831416,62007.28640524856,59943.652467831416,61122.871860641215,,,2192200
04/10/2022,60140.18903329971,60238.45731603386,59059.237923224064,59943.652467831416,,,4254500
03/10/2022,61810.74983978026,61810.74983978026,58567.89650955332,58567.89650955332,,,4252600
30/09/2022,62596.89610165346,63088.23751532421,60631.530446970464,62891.70094985591,,,5747900
29/09/2022,65348.40801820966,65348.40801820966,62596.89610165346,62891.70094985591,,,2545200
28/09/2022,64955.33488727306,65839.74943188041,63874.38377719741,63874.38377719741,,,2724500
27/09/2022,66232.822562817,66822.43225922191,65643.21286641211,65938.01771461456,,,2741100
26/09/2022,66625.8956937536,67018.96882469021,64463.993473602306,66822.43225922191,,,5349300
23/09/2022,68886.06619663905,68886.06619663905,67412.0419556268,68198.1882175,,,5420296
22/09/2022,67903.38336929756,69573.9441757781,67117.23710742436,68886.06619663905,,,5551400
21/09/2022,69770.4807412464,69770.4807412464,68787.7979139049,68787.7979139049,,,3366200
20/09/2022,69672.21245851225,70753.1635685879,68001.65165203171,70458.35872038545,,,3380900
19/09/2022,70753.1635685879,71539.3098304611,67903.38336929756,69279.13932757566,,,4845600
16/09/2022,72128.919526866,72423.72437506844,70163.553872183,70753.1635685879,,,4479700
15/09/2022,72423.72437506844,73504.6754851441,72128.919526866,72620.26094053674,,,4071600
14/09/2022,71441.04154772694,72620.26094053674,71342.7732649928,72423.72437506844,,,3955200
13/09/2022,72718.5292232709,73111.6023542075,72030.65124413185,72816.79750600505,,,2158200
12/09/2022,70949.7001340562,74094.285181549,70851.43185132205,72718.5292232709,,,7347100
09/09/2022,70753.1635685879,71146.2366995245,69573.9441757781,70753.1635685879,,,2858308
08/09/2022,70261.82215491714,71047.96841679035,69279.13932757566,70261.82215491714,,,4196100
07/09/2022,71342.7732649928,71539.3098304611,69377.4076103098,69475.67589304395,,,5883400
06/09/2022,71342.7732649928,72030.65124413185,71146.2366995245,71637.57811319525,,,2623900
05/09/2022,72620.26094053674,72620.26094053674,71244.50498225864,71244.50498225864,,,2747600
31/08/2022,71244.50498225864,72718.5292232709,71244.50498225864,72718.5292232709,,,5018200
30/08/2022,73209.87063694165,73701.21205061239,71637.57811319525,72030.65124413185,,,4835400
29/08/2022,70556.6270031196,72718.5292232709,69475.67589304395,72718.5292232709,,,9374800
26/08/2022,67510.31023836095,71834.11467866355,67510.31023836095,70949.7001340562,,,10847500
25/08/2022,66527.62741101945,67510.31023836095,66134.55428008286,67215.5053901585,,,5301400
24/08/2022,65741.48114914626,66036.2859973487,65151.871452741354,65643.21286641211,,,2451000
23/08/2022,64758.79832180476,66625.8956937536,64758.79832180476,65741.48114914626,,,4463200
22/08/2022,63481.31064626081,65741.48114914626,63383.04236352666,65348.40801820966,,,5855600
19/08/2022,63383.04236352666,64267.45690813401,62007.28640524856,62989.96923259006,,,2866400
18/08/2022,63874.38377719741,64660.53003907061,62793.432667121764,63383.04236352666,,,4463200
17/08/2022,64857.06660453891,65250.13973547551,63874.38377719741,63874.38377719741,,,2548800
16/08/2022,63874.38377719741,65839.74943188041,63874.38377719741,64857.06660453891,,,4322478
15/08/2022,62203.822970716865,63874.38377719741,61909.01812251441,63874.38377719741,,,5610900
12/08/2022,61810.74983978026,62596.89610165346,61122.871860641215,61909.01812251441,,,2949300
11/08/2022,62891.70094985591,63088.23751532421,61417.67670884366,61909.01812251441,,,3426000
10/08/2022,62203.822970716865,63186.50579805836,61909.01812251441,62498.62781891931,,,2521000
09/08/2022,62007.28640524856,62498.62781891931,61810.74983978026,62203.822970716865,,,3532200
08/08/2022,61614.213274311966,61810.74983978026,61221.14014337536,61810.74983978026,,,3369300
05/08/2022,61810.74983978026,62400.35953618516,61515.94499157781,61614.213274311966,,,3892800
04/08/2022,61122.871860641215,61909.01812251441,61024.603577907066,61614.213274311966,,,4744300
03/08/2022,60926.33529517291,61122.871860641215,60238.45731603386,60729.79872970461,,,3734700
02/08/2022,60729.79872970461,61417.67670884366,60238.45731603386,60926.33529517291,,,2152500
01/08/2022,59943.652467831416,60828.06701243876,58960.969640489915,60238.45731603386,,,4232500
29/07/2022,61319.40842610951,61319.40842610951,59943.652467831416,59943.652467831416,,,4317000
28/07/2022,61909.01812251441,61909.01812251441,60926.33529517291,60926.33529517291,,,3253400
27/07/2022,59059.237923224064,61909.01812251441,59059.237923224064,61024.603577907066,,,3654000
26/07/2022,62793.432667121764,62793.432667121764,61712.481557046114,61909.01812251441,,,2384400
25/07/2022,63677.84721172911,64660.53003907061,61614.213274311966,62203.822970716865,,,5874900
22/07/2022,63776.11549446326,65643.21286641211,63088.23751532421,63383.04236352666,,,6409100
21/07/2022,60140.18903329971,63383.04236352666,60140.18903329971,62989.96923259006,,,5893300
20/07/2022,58174.82337861672,61909.01812251441,57192.14055127522,60140.18903329971,,,7993100
19/07/2022,60140.18903329971,60140.18903329971,58469.628226819164,58960.969640489915,,,2429700
18/07/2022,60434.99388150217,61810.74983978026,59157.50620595822,59943.652467831416,,,2540800
15/07/2022,61712.481557046114,62105.55468798271,60434.99388150217,60434.99388150217,,,3080300
14/07/2022,61810.74983978026,62891.70094985591,61221.14014337536,61515.94499157781,,,2134700
13/07/2022,62891.70094985591,63088.23751532421,60828.06701243876,62498.62781891931,,,3311900
12/07/2022,63677.84721172911,63677.84721172911,62891.70094985591,63284.77408079251,,,1606300
11/07/2022,63677.84721172911,63776.11549446326,62891.70094985591,63383.04236352666,,,1740900
08/07/2022,63579.57892899496,65348.40801820966,63284.77408079251,63874.38377719741,,,2586800
07/07/2022,62989.96923259006,63874.38377719741,62793.432667121764,62891.70094985591,,,1590000
06/07/2022,64365.72519086816,65151.871452741354,62891.70094985591,62891.70094985591,,,2590800
05/07/2022,66625.8956937536,66625.8956937536,62891.70094985591,64365.72519086816,,,3983400
04/07/2022,68787.7979139049,68886.06619663905,65446.67630094381,66625.8956937536,,,5181500
01/07/2022,70360.0904376513,70360.0904376513,67608.5785210951,69082.60276210736,,,3285200
30/06/2022,71834.11467866355,71834.11467866355,69967.0173067147,70261.82215491714,,,2713200
29/06/2022,71539.3098304611,72718.5292232709,69868.74902398055,71735.8463959294,,,4061200
28/06/2022,69770.4807412464,71637.57811319525,69770.4807412464,71539.3098304611,,,4788800
27/06/2022,70458.35872038545,71244.50498225864,69868.74902398055,70261.82215491714,,,3160200
24/06/2022,72227.18780960015,72227.18780960015,70163.553872183,70654.89528585375,,,3516400
23/06/2022,68787.7979139049,72227.18780960015,68591.2613484366,71244.50498225864,,,4908000
22/06/2022,74290.8217470173,74290.8217470173,68001.65165203171,68591.2613484366,,,4667200
21/06/2022,73701.21205061239,74487.3583124856,69770.4807412464,72227.18780960015,,,3553300
20/06/2022,76649.2605326369,76649.2605326369,72325.4560923343,72620.26094053674,,,4804900
17/06/2022,77631.9433599784,77631.9433599784,74978.69972615634,76354.45568443445,,,5145600
16/06/2022,77631.9433599784,77631.9433599784,76256.18740170028,77631.9433599784,,,6715400
15/06/2022,71244.50498225864,72571.12679916967,70753.1635685879,72571.12679916967,,,3570700
14/06/2022,68050.78579339878,70900.56599268912,67805.1150865634,70507.49286175253,,,2786200
13/06/2022,71244.50498225864,72472.85851643552,68787.7979139049,68787.7979139049,,,4129500
10/06/2022,75666.57770529539,76157.91911896614,73701.21205061239,73701.21205061239,,,2042200
09/06/2022,75371.77285709295,76157.91911896614,74339.95588838437,75076.9680088905,,,1340200
08/06/2022,75813.98012939662,77582.80921861132,75371.77285709295,75371.77285709295,,,2256200
07/06/2022,75666.57770529539,75666.57770529539,73209.87063694165,75175.23629162465,,,1845100
06/06/2022,75177.45955383571,76397.8728582811,75177.45955383571,75519.17527908042,,,2317240
03/06/2022,72102.01802663335,75323.90915036916,72102.01802663335,74786.9272964132,,,1839100
02/06/2022,71516.21964049956,73468.88092761218,71028.0543187214,72102.01802663335,,,2058300
01/06/2022,70735.1551256545,71760.30230138864,70295.80633605417,71028.0543187214,,,1087400
31/05/2022,70881.60472218796,70881.60472218796,69807.64101427601,70735.1551256545,,,1258200
30/05/2022,71613.85270485519,72004.38496227772,70002.90714298729,70881.60472218796,,,1613800
27/05/2022,67952.61279151903,71711.48576921082,67952.61279151903,71613.85270485519,,,2550700
26/05/2022,68343.14504894156,68587.22770983064,66390.48376182895,67854.9797271634,,,1206600
25/05/2022,65609.41924698389,69075.3930316088,65414.15311827263,67854.9797271634,,,1558000
24/05/2022,63900.840620760355,64925.98779649448,63363.85876680439,64925.98779649448,,,577700
23/05/2022,65902.31844005079,65902.31844005079,63461.49183116002,63852.02408858254,,,1137200
20/05/2022,64681.905135605404,66292.85069747332,64437.822474716326,65414.15311827263,,,945300
19/05/2022,63461.49183116002,65170.070457383554,63119.77610591531,64925.98779649448,,,839200
18/05/2022,64291.37287818288,65267.70352173919,63363.85876680439,65170.070457383554,,,805600
17/05/2022,60971.848690091436,64242.55634600506,59556.16925693479,64242.55634600506,,,1055800
16/05/2022,64681.905135605404,64681.905135605404,59165.636999512266,60044.334578712944,,,1364200
13/05/2022,65609.41924698389,65951.13497222861,61069.481754447064,61069.481754447064,,,3596500
12/05/2022,68294.32851676374,68294.32851676374,65609.41924698389,65609.41924698389,,,1833900
11/05/2022,68440.77811329719,68831.31037071972,66976.28214796273,68831.31037071972,,,1562400
10/05/2022,65902.31844005079,68391.96158111938,64925.98779649448,68391.96158111938,,,2623800
09/05/2022,70393.4394004098,70442.25593258762,66585.7498905402,66585.7498905402,,,2994900
06/05/2022,71516.21964049956,72687.81641276713,71320.95351178829,71565.03617267737,,,1376700
05/05/2022,73468.88092761218,73468.88092761218,70832.78819001015,72931.89907365621,,,1718900
04/05/2022,73224.7982667231,73957.04624939033,72492.55028405586,72980.71560583402,,,1265800
29/04/2022,70881.60472218796,73224.7982667231,70881.60472218796,72834.26600930057,,,2917300
28/04/2022,72004.38496227772,72736.63294494494,70686.3385934767,70783.97165783233,,,2231600
27/04/2022,71272.13697961048,72004.38496227772,69807.64101427601,71857.93536574427,,,2399300
26/04/2022,68831.31037071972,73664.14705632343,67854.9797271634,72638.99988058931,,,3869650
25/04/2022,75177.45955383571,75812.07447214732,70735.1551256545,70735.1551256545,,,4170517
22/04/2022,76446.68939045891,76641.95551917018,70832.78819001015,76056.1571330364,,,4639300
21/04/2022,75275.09261819134,76886.03818005926,75031.00995730227,75909.70753650295,,,2304500
20/04/2022,75714.44140779169,77813.55229143775,75079.82648948008,76153.79019739202,,,2200700
19/04/2022,77960.00188797119,78643.43333846061,75665.62487561387,76153.79019739202,,,4081200
18/04/2022,78594.6168062828,79082.78212806095,77667.1026949043,78204.08454886026,,,2933800
15/04/2022,76886.03818005926,79033.96559588313,76739.58858352581,78204.08454886026,,,2959800
14/04/2022,76251.42326174765,79473.31438548346,75665.62487561387,77862.36882361556,,,2992800
13/04/2022,73712.96358850125,76641.95551917018,73468.88092761218,76251.42326174765,,,12958400
12/04/2022,73224.7982667231,74542.84463552412,71272.13697961048,74542.84463552412,,,4276300
08/04/2022,75665.62487561387,75665.62487561387,73224.7982667231,73224.7982667231,,,3040400
07/04/2022,78008.81842014901,78155.26801668246,74982.19342512445,75665.62487561387,,,6882800
06/04/2022,75177.45955383571,79082.78212806095,74884.56036076882,77520.65309837085,,,2980900
05/04/2022,74933.37689294663,76446.68939045891,74689.29423205755,75763.2579399695,,,1390100
04/04/2022,77374.2035018374,77471.83656619304,75665.62487561387,75665.62487561387,,,1740500
01/04/2022,72004.38496227772,76153.79019739202,71809.11883356645,76153.79019739202,,,4330400
31/03/2022,70295.80633605417,72492.55028405586,69563.55835338694,71174.50391525486,,,2019700
30/03/2022,71028.0543187214,71711.48576921082,68391.96158111938,70491.07246476544,,,1966700
29/03/2022,71028.0543187214,72883.08254147839,70295.80633605417,71516.21964049956,,,3220500
28/03/2022,67952.61279151903,70344.62286823199,67806.1631949856,70295.80633605417,,,4758517
25/03/2022,65755.86884351734,68538.41117765282,65267.70352173919,67806.1631949856,,,3972700
24/03/2022,65902.31844005079,65902.31844005079,64925.98779649448,65414.15311827263,,,1093000
23/03/2022,65755.86884351734,66585.7498905402,65707.05231133953,65902.31844005079,,,1034500
22/03/2022,65902.31844005079,66390.48376182895,65218.886989561375,65999.95150440642,,,1176000
21/03/2022,64437.822474716326,65853.50190787297,64193.73981382725,65853.50190787297,,,2014900
18/03/2022,63852.02408858254,64340.1894103607,63852.02408858254,64242.55634600506,,,893400
17/03/2022,64340.1894103607,64437.822474716326,63852.02408858254,63852.02408858254,,,1053100
16/03/2022,64047.290217293805,64437.822474716326,63461.49183116002,64144.92328164943,,,1230100
15/03/2022,63803.207556404726,64144.92328164943,62973.32650938186,64144.92328164943,,,1132300
14/03/2022,64486.63900689414,64828.35473213885,63217.40917027094,64291.37287818288,,,1226700
11/03/2022,65121.25392520574,65121.25392520574,64437.822474716326,64925.98779649448,,,773000
10/03/2022,65414.15311827263,65414.15311827263,64730.72166778322,65170.070457383554,,,1129500
09/03/2022,65462.969650450446,65462.969650450446,64681.905135605404,65316.520053917004,,,2719500
08/03/2022,65414.15311827263,65658.23577916171,64633.08860342759,65511.78618262827,,,2397200
07/03/2022,65658.23577916171,65902.31844005079,65414.15311827263,65511.78618262827,,,1489600
04/03/2022,66634.56642271802,66683.38295489583,65707.05231133953,66292.85069747332,,,2023000
03/03/2022,65902.31844005079,66634.56642271802,65218.886989561375,66634.56642271802,,,1136700
02/03/2022,66292.85069747332,66292.85069747332,65414.15311827263,65658.23577916171,,,1770200
01/03/2022,66829.83255142928,66878.6490836071,65951.13497222861,66390.48376182895,,,1210200
28/02/2022,66634.56642271802,67366.81440538524,66146.40110093987,66390.48376182895,,,2124400
25/02/2022,66829.83255142928,68245.51198458593,66390.48376182895,67171.54827667399,,,2715300
24/02/2022,66878.6490836071,67220.36480885181,66146.40110093987,66781.01601925146,,,1224200
23/02/2022,67220.36480885181,68636.04424200844,66829.83255142928,67269.18134102962,,,1938800
22/02/2022,64925.98779649448,67952.61279151903,64633.08860342759,67220.36480885181,,,3739400
21/02/2022,64681.905135605404,65853.50190787297,64681.905135605404,65365.33658609482,,,612100
18/02/2022,64486.63900689414,65414.15311827263,64486.63900689414,65414.15311827263,,,467800
17/02/2022,64437.822474716326,65658.23577916171,64389.00594253851,65658.23577916171,,,1059100
16/02/2022,65511.78618262827,65511.78618262827,64242.55634600506,64877.17126431667,,,562000
15/02/2022,64779.53819996103,65365.33658609482,64193.73981382725,65072.437393027925,,,1282900
14/02/2022,65365.33658609482,65902.31844005079,64437.822474716326,64437.822474716326,,,1410300
11/02/2022,65902.31844005079,66390.48376182895,65902.31844005079,66048.76803658424,,,641500
10/02/2022,66878.6490836071,66976.28214796273,65658.23577916171,66536.93335836238,,,1079300
09/02/2022,66536.93335836238,67122.73174449617,66390.48376182895,66878.6490836071,,,1207000
08/02/2022,65365.33658609482,66781.01601925146,65365.33658609482,66536.93335836238,,,1450000
07/02/2022,64925.98779649448,66244.0341652955,64925.98779649448,65365.33658609482,,,954600
28/01/2022,64096.10674947162,64681.905135605404,63315.04223462657,64681.905135605404,,,716300
27/01/2022,63900.840620760355,64584.272071249776,63070.9595737375,64193.73981382725,,,1019400
26/01/2022,63949.65715293817,64389.00594253851,62973.32650938186,64389.00594253851,,,954300
25/01/2022,63363.85876680439,63949.65715293817,62289.89505889245,63949.65715293817,,,1458200
24/01/2022,64535.455539071954,65023.62086085011,63412.675298982205,63412.675298982205,,,920600
21/01/2022,65414.15311827263,65414.15311827263,64096.10674947162,65023.62086085011,,,1800100
20/01/2022,64925.98779649448,65414.15311827263,64486.63900689414,65414.15311827263,,,1234900
19/01/2022,63559.12489551565,65414.15311827263,63461.49183116002,65170.070457383554,,,1956890
18/01/2022,62973.32650938186,64437.822474716326,62778.060380670606,63510.308363337834,,,2564000
17/01/2022,64925.98779649448,65365.33658609482,63461.49183116002,63461.49183116002,,,914800
14/01/2022,65902.31844005079,65902.31844005079,65023.62086085011,65414.15311827263,,,1919900
13/01/2022,66634.56642271802,66634.56642271802,64437.822474716326,66146.40110093987,,,2640900
12/01/2022,64340.1894103607,66390.48376182895,63461.49183116002,66390.48376182895,,,1304800
11/01/2022,64925.98779649448,65658.23577916171,64291.37287818288,64340.1894103607,,,2038500
10/01/2022,66146.40110093987,66146.40110093987,64925.98779649448,64925.98779649448,,,5388500
07/01/2022,67122.73174449617,67122.73174449617,66146.40110093987,66146.40110093987,,,5678400
06/01/2022,66927.46561578491,67757.34666280777,66634.56642271802,67122.73174449617,,,3482400
05/01/2022,67269.18134102962,68001.42932369685,66927.46561578491,66927.46561578491,,,2334600
04/01/2022,66341.66722965112,67952.61279151903,65853.50190787297,67269.18134102962,,,1327900
31/12/2021,65560.60271480608,66341.66722965112,65121.25392520574,66341.66722965112,,,1319900
30/12/2021,65658.23577916171,66097.58456876205,65414.15311827263,65560.60271480608,,,998600
29/12/2021,65707.05231133953,66390.48376182895,65462.969650450446,65609.41924698389,,,2187000
28/12/2021,66146.40110093987,66292.85069747332,64974.8043286723,66292.85069747332,,,874300
27/12/2021,65755.86884351734,66097.58456876205,64925.98779649448,65853.50190787297,,,805000
24/12/2021,65218.886989561375,65707.05231133953,64681.905135605404,65707.05231133953,,,560900
23/12/2021,65804.68537569516,66292.85069747332,64340.1894103607,65218.886989561375,,,2012500
22/12/2021,65218.886989561375,66878.6490836071,65121.25392520574,65804.68537569516,,,1300200
21/12/2021,64925.98779649448,64925.98779649448,64486.63900689414,64925.98779649448,,,522100
20/12/2021,65170.070457383554,65707.05231133953,64681.905135605404,64925.98779649448,,,1099600
17/12/2021,65218.886989561375,65902.31844005079,64974.8043286723,65658.23577916171,,,1433700
16/12/2021,66390.48376182895,66390.48376182895,65218.886989561375,65218.886989561375,,,1505700
15/12/2021,66097.58456876205,66390.48376182895,65414.15311827263,66341.66722965112,,,1680400
14/12/2021,65755.86884351734,66390.48376182895,65170.070457383554,66097.58456876205,,,1521700
13/12/2021,65609.41924698389,65853.50190787297,65414.15311827263,65853.50190787297,,,865900
10/12/2021,64974.8043286723,65853.50190787297,64925.98779649448,65462.969650450446,,,817200
09/12/2021,65365.33658609482,65902.31844005079,65170.070457383554,65414.15311827263,,,1443000
08/12/2021,65218.886989561375,65902.31844005079,64925.98779649448,65365.33658609482,,,688700
07/12/2021,64144.92328164943,65170.070457383554,64144.92328164943,65170.070457383554,,,1229300
06/12/2021,65170.070457383554,65170.070457383554,61948.17933364774,64144.92328164943,,,1693200
03/12/2021,66536.93335836238,66878.6490836071,65170.070457383554,65170.070457383554,,,1116200
02/12/2021,67757.34666280777,67757.34666280777,66781.01601925146,66878.6490836071,,,663400
01/12/2021,66634.56642271802,68343.14504894156,66439.30029400675,67806.1631949856,,,1902000
30/11/2021,67610.89706627432,68294.32851676374,66829.83255142928,67806.1631949856,,,1089100
29/11/2021,67806.1631949856,68684.86077418627,67073.91521231836,67122.73174449617,,,2370000
26/11/2021,70686.3385934767,71028.0543187214,69075.3930316088,69075.3930316088,,,6146900
25/11/2021,70344.62286823199,70783.97165783233,69563.55835338694,70783.97165783233,,,936900
24/11/2021,69807.64101427601,70295.80633605417,68977.75996725317,70295.80633605417,,,1971500
23/11/2021,67659.71359845214,70295.80633605417,67415.63093756307,69807.64101427601,,,1926200
22/11/2021,68343.14504894156,68538.41117765282,67366.81440538524,67659.71359845214,,,1161600
19/11/2021,68343.14504894156,68831.31037071972,66390.48376182895,67854.9797271634,,,1378000
18/11/2021,67513.2640019187,69075.3930316088,66781.01601925146,67854.9797271634,,,5270842
17/11/2021,67220.36480885181,67366.81440538524,66488.11682618457,67317.99787320744,,,1574900
16/11/2021,67366.81440538524,67854.9797271634,66390.48376182895,67317.99787320744,,,1510600
15/11/2021,66536.93335836238,68294.32851676374,66536.93335836238,68050.24585587466,,,2651500
12/11/2021,66390.48376182895,66390.48376182895,65365.33658609482,66390.48376182895,,,1184800
11/11/2021,64193.73981382725,66390.48376182895,63705.5744920491,65902.31844005079,,,4441400
10/11/2021,63461.49183116002,64193.73981382725,63217.40917027094,64193.73981382725,,,765400
09/11/2021,64340.1894103607,64437.822474716326,63461.49183116002,63461.49183116002,,,1269900
08/11/2021,64437.822474716326,64925.98779649448,64242.55634600506,64242.55634600506,,,1126300
05/11/2021,64925.98779649448,64925.98779649448,63949.65715293817,64437.822474716326,,,1663800
04/11/2021,62729.243848492784,63754.39102422691,62485.16118760371,63412.675298982205,,,950100
03/11/2021,62924.50997720405,63461.49183116002,62241.078526714635,62875.693445026234,,,1569800
02/11/2021,62729.243848492784,63412.675298982205,62729.243848492784,62924.50997720405,,,970700
01/11/2021,64193.73981382725,64340.1894103607,62973.32650938186,63461.49183116002,,,1220520
29/10/2021,64193.73981382725,64389.00594253851,63900.840620760355,64144.92328164943,,,1498200
28/10/2021,64096.10674947162,64681.905135605404,62729.243848492784,64437.822474716326,,,1189400
27/10/2021,62485.16118760371,64877.17126431667,62485.16118760371,64437.822474716326,,,2057800
26/10/2021,62485.16118760371,62485.16118760371,61948.17933364774,62485.16118760371,,,992900
25/10/2021,62485.16118760371,63363.85876680439,62485.16118760371,62680.42731631497,,,1213700
22/10/2021,62631.610784137156,62680.42731631497,62045.81239800337,62289.89505889245,,,1094100
21/10/2021,63070.9595737375,63461.49183116002,61996.99586582556,61996.99586582556,,,1471700
20/10/2021,63412.675298982205,63949.65715293817,62485.16118760371,63070.9595737375,,,2820070
19/10/2021,63412.675298982205,63949.65715293817,63022.14304155968,63315.04223462657,,,1390800
18/10/2021,64535.455539071954,64877.17126431667,63803.207556404726,63803.207556404726,,,1853900
15/10/2021,65170.070457383554,65267.70352173919,64437.822474716326,64633.08860342759,,,1697400
14/10/2021,65414.15311827263,65804.68537569516,64437.822474716326,65170.070457383554,,,2125700
13/10/2021,64584.272071249776,65511.78618262827,64486.63900689414,65365.33658609482,,,2392600
12/10/2021,63217.40917027094,64828.35473213885,63217.40917027094,64486.63900689414,,,3303110
11/10/2021,62924.50997720405,63315.04223462657,62241.078526714635,63217.40917027094,,,2149700
08/10/2021,62241.078526714635,63217.40917027094,62143.445462359,62875.693445026234,,,1668700
07/10/2021,62143.445462359,62631.610784137156,62143.445462359,62485.16118760371,,,1541260
06/10/2021,61850.54626929211,63461.49183116002,61704.096672758664,62631.610784137156,,,1798109
05/10/2021,61508.8305440474,61899.36280146993,61069.481754447064,61899.36280146993,,,1969300
04/10/2021,61020.66522226925,61606.463608403035,60190.78417524639,61606.463608403035,,,2190000
01/10/2021,61996.99586582556,62387.52812324808,61508.8305440474,61606.463608403035,,,1370231
30/09/2021,62387.52812324808,62973.32650938186,61850.54626929211,62387.52812324808,,,1469700
29/09/2021,61899.36280146993,62729.243848492784,61899.36280146993,62387.52812324808,,,1708800
28/09/2021,60825.399093557986,61996.99586582556,60483.68336831328,61850.54626929211,,,1344700
27/09/2021,62973.32650938186,62973.32650938186,61508.8305440474,61508.8305440474,,,5549850
24/09/2021,64535.455539071954,65414.15311827263,63510.308363337834,63705.5744920491,,,2025700
23/09/2021,61752.91320493648,65121.25392520574,61752.91320493648,64437.822474716326,,,2966400
22/09/2021,60532.49990049109,61704.096672758664,60483.68336831328,61362.38094751396,,,1293000
21/09/2021,59116.820467334444,61264.74788315833,59116.820467334444,60434.866836135465,,,1328400
20/09/2021,60971.848690091436,61996.99586582556,59263.270063867894,60044.334578712944,,,1370300
17/09/2021,60337.23377177983,60532.49990049109,59653.802321290415,60044.334578712944,,,919200
16/09/2021,60776.58256138017,60776.58256138017,59946.70151435731,60337.23377177983,,,778300
15/09/2021,60288.417239602015,61020.66522226925,59946.70151435731,60825.399093557986,,,728800
14/09/2021,60532.49990049109,60923.032157913614,59604.9857891126,60776.58256138017,,,1623100
13/09/2021,58042.85675942251,61020.66522226925,57994.040227244695,61020.66522226925,,,2587600
10/09/2021,58091.673291600324,58238.122888133774,57164.15918022183,58042.85675942251,,,2935100
09/09/2021,54576.88297479761,58042.85675942251,54381.616846086356,58042.85675942251,,,2544800
08/09/2021,53844.634992130384,54381.616846086356,53698.18539559694,54381.616846086356,,,1004800
07/09/2021,54381.616846086356,54430.43337826417,53698.18539559694,53844.634992130384,,,894000
06/09/2021,54186.35071737509,54235.167249552906,53942.26805648601,54186.35071737509,,,1142800
01/09/2021,53844.634992130384,54186.35071737509,53161.20354164097,53795.81845995257,,,670400
31/08/2021,54186.35071737509,54186.35071737509,53698.18539559694,54186.35071737509,,,688100
30/08/2021,54235.167249552906,54820.96563568669,53991.084588663834,53991.084588663834,,,1327900
27/08/2021,52626.49682430978,53502.52359018917,52626.49682430978,53372.74184709593,,,1336200
26/08/2021,53178.069232456066,53340.29641132262,52431.82420966992,52561.605952763166,,,776200
25/08/2021,52237.15159503006,53210.51466822938,51945.14267307026,52399.37877389661,,,817243
24/08/2021,51523.352008017224,52691.38769585641,51296.23395760405,52074.92441616351,,,1060900
23/08/2021,52886.06031049627,53210.51466822938,51263.78852183074,51296.23395760405,,,1769300
20/08/2021,55806.149530094226,55806.149530094226,53210.51466822938,53210.51466822938,,,2670300
19/08/2021,55968.37670896078,55968.37670896078,54995.01363576146,55968.37670896078,,,975700
18/08/2021,54832.78645689491,56292.831066693885,54703.00471380166,55968.37670896078,,,1153898
17/08/2021,55124.7953788547,55189.68625040132,54475.88666338849,55124.7953788547,,,1154300
16/08/2021,55643.92235122767,55806.149530094226,54508.3320991618,55189.68625040132,,,2372300
13/08/2021,54995.01363576146,55481.69517236112,54313.65948452194,55481.69517236112,,,1211800
12/08/2021,56292.831066693885,56779.512603293544,55157.240814628014,55157.240814628014,,,1472100
11/08/2021,56455.05824556044,58174.6663415459,56000.822144734084,56779.512603293544,,,1670800
10/08/2021,56455.05824556044,56519.949117107055,55676.36778700098,56422.612809787126,,,882000
09/08/2021,55481.69517236112,56519.949117107055,54995.01363576146,56390.167374013814,,,638000
06/08/2021,56130.60388782733,56941.7397821601,55643.92235122767,55643.92235122767,,,1032700
05/08/2021,55027.459071534766,56552.39455288037,54832.78645689491,56130.60388782733,,,989800
04/08/2021,55189.68625040132,55449.24973658781,54670.559278028355,55157.240814628014,,,929400
03/08/2021,55124.7953788547,55157.240814628014,54508.3320991618,55124.7953788547,,,898900
02/08/2021,53210.51466822938,55968.37670896078,53048.287489362825,55124.7953788547,,,2464100
30/07/2021,52399.37877389661,53502.52359018917,51750.4700584304,53242.96010400268,,,2729200
29/07/2021,51847.80636575033,52821.16943894965,50614.87980636453,52821.16943894965,,,1317800
28/07/2021,51198.89765028412,52074.92441616351,50647.325242137835,50971.77959987094,,,455700
27/07/2021,52561.605952763166,52561.605952763166,50939.334164097636,51263.78852183074,,,2430100
26/07/2021,52042.478980390195,52237.15159503006,51231.34308605743,52010.03354461688,,,1260900
23/07/2021,52918.50574626958,53599.8598975091,52237.15159503006,52464.26964544323,,,2066215
22/07/2021,52723.83313162972,54638.11384225504,52496.71508121654,53599.8598975091,,,982100
21/07/2021,53859.42338369559,54054.09599833545,52594.05138853647,53015.84205358951,,,1173900
20/07/2021,51263.78852183074,53405.187282869236,50777.10698523108,53405.187282869236,,,1106500
19/07/2021,52334.48790234999,52886.06031049627,50777.10698523108,50777.10698523108,,,2808000
16/07/2021,54540.77753493511,54670.559278028355,53859.42338369559,54540.77753493511,,,2765100
15/07/2021,53502.52359018917,55481.69517236112,52886.06031049627,54216.323177202,,,1493900
14/07/2021,56130.60388782733,56422.612809787126,53340.29641132262,54021.65056256214,,,2447480
13/07/2021,57850.21198381279,57850.21198381279,55806.149530094226,56779.512603293544,,,1233700
12/07/2021,57103.96696102665,58044.884598452656,53534.969025962484,57298.63957566651,,,4059500
09/07/2021,55838.59496586753,58369.33895618576,55741.2586585476,57266.1941398932,,,3259400
08/07/2021,55806.149530094226,56844.40347484016,54346.10492029525,55968.37670896078,,,1972500
07/07/2021,51912.697237296954,53794.532512148966,50290.425448631424,53794.532512148966,,,1709200
06/07/2021,54670.559278028355,55384.358865041184,50290.425448631424,50290.425448631424,,,3029533
05/07/2021,52237.15159503006,54183.877741428696,52237.15159503006,54021.65056256214,,,2480200
02/07/2021,48992.608017699,50939.334164097636,48992.608017699,50874.44329255101,,,964000
01/07/2021,49317.062375432106,49479.28955429866,48830.38083883245,49025.05345347231,,,917200
30/06/2021,47694.790586766576,49933.525655125006,47694.790586766576,49317.062375432106,,,1221500
29/06/2021,47208.10905016692,47857.01776563313,47045.881871300364,47694.790586766576,,,856700
28/06/2021,46883.65469243381,47370.33622903347,46624.09120624732,47208.10905016692,,,700200
25/06/2021,46721.42751356726,47045.881871300364,46559.200334700705,46624.09120624732,,,737200
24/06/2021,46688.982077793946,47370.33622903347,46656.536642020634,46721.42751356726,,,394400
23/06/2021,47110.77274284698,47208.10905016692,46721.42751356726,46721.42751356726,,,1543700
22/06/2021,47370.33622903347,47435.22710058009,45261.38290376828,47370.33622903347,,,2696900
21/06/2021,45618.2826972747,47337.89079326016,45618.2826972747,47305.445357486846,,,1179900
18/06/2021,45585.83726150139,45910.29161923449,45423.610082634834,45748.06444036794,,,414700
17/06/2021,44288.01983056896,46688.982077793946,44125.79265170241,45099.15572490173,,,1324500
16/06/2021,44709.810495622,44709.810495622,44288.01983056896,44450.247009435516,,,545100
15/06/2021,44807.146802941934,45099.15572490173,44612.47418830207,44742.25593139531,,,471000
14/06/2021,44774.70136716862,45034.264853355104,44385.35613788889,44807.146802941934,,,811700
11/06/2021,43866.22916551592,44450.247009435516,43833.783729742616,44450.247009435516,,,830800
10/06/2021,43801.338293969304,44450.247009435516,43801.338293969304,43898.67460128923,,,679100
09/06/2021,44125.79265170241,44612.47418830207,43801.338293969304,44255.57439479565,,,759900
08/06/2021,44125.79265170241,44774.70136716862,44028.45634438247,44125.79265170241,,,715300
07/06/2021,44612.47418830207,44644.91962407538,43898.67460128923,44158.23808747572,,,721500
04/06/2021,45099.15572490173,45099.15572490173,44450.247009435516,44612.47418830207,,,867400
03/06/2021,45358.71921108821,45358.71921108821,44450.247009435516,45099.15572490173,,,713700
02/06/2021,44125.79265170241,45423.610082634834,44093.3472159291,45034.264853355104,,,654400
01/06/2021,44612.47418830207,44774.70136716862,43801.338293969304,44288.01983056896,,,1074000
31/05/2021,45423.610082634834,45910.29161923449,44936.928546035175,44936.928546035175,,,1597300
28/05/2021,46202.30054119429,46461.86402738077,45942.737055007805,46299.636848514216,,,822300
27/05/2021,47013.43643552705,47045.881871300364,46072.518798101046,46202.30054119429,,,848200
26/05/2021,47370.33622903347,47435.22710058009,46883.65469243381,47013.43643552705,,,781800
25/05/2021,47370.33622903347,47532.56340790002,47045.881871300364,47370.33622903347,,,789800
24/05/2021,47045.881871300364,47532.56340790002,46753.87294934057,47370.33622903347,,,761300
21/05/2021,47662.345150993264,48019.24494449968,47045.881871300364,47175.663614393605,,,3231000
20/05/2021,45650.728133048004,48668.153659965894,45650.728133048004,48668.153659965894,,,1509800
19/05/2021,45748.06444036794,46072.518798101046,45585.83726150139,45975.18249078111,,,936300
18/05/2021,45910.29161923449,46072.518798101046,45650.728133048004,45975.18249078111,,,641000
17/05/2021,46559.200334700705,46721.42751356726,45715.61900459463,45910.29161923449,,,575700
14/05/2021,45585.83726150139,46559.200334700705,45488.50095418145,46234.7459769676,,,818500
13/05/2021,44936.928546035175,45585.83726150139,44936.928546035175,45423.610082634834,,,1096800
12/05/2021,44612.47418830207,45261.38290376828,44580.02875252876,45261.38290376828,,,850000
11/05/2021,44612.47418830207,45423.610082634834,44580.02875252876,44612.47418830207,,,1460800
10/05/2021,45423.610082634834,45423.610082634834,44612.47418830207,44807.146802941934,,,2264900
07/05/2021,45748.06444036794,46332.08228428753,45391.16464686152,45488.50095418145,,,923400
06/05/2021,45715.61900459463,46396.97315583415,45553.391825728075,46072.518798101046,,,1092500
05/05/2021,45228.93746799497,46429.418591607464,45164.046596448345,45715.61900459463,,,1124900
04/05/2021,44936.928546035175,45391.16464686152,44774.70136716862,45228.93746799497,,,2091505
29/04/2021,45261.38290376828,45812.95531191456,44807.146802941934,45715.61900459463,,,662300
28/04/2021,45423.610082634834,45910.29161923449,45099.15572490173,45423.610082634834,,,1065700
27/04/2021,46234.7459769676,46721.42751356726,45585.83726150139,46040.073362327734,,,848700
26/04/2021,47824.57232985982,47824.57232985982,46234.7459769676,46234.7459769676,,,3536300
23/04/2021,46072.518798101046,47857.01776563313,45585.83726150139,47857.01776563313,,,10311940
22/04/2021,46234.7459769676,48019.24494449968,45456.055518408146,46234.7459769676,,,8027686
20/04/2021,45099.15572490173,46721.42751356726,44936.928546035175,46234.7459769676,,,2440800
19/04/2021,43801.338293969304,44580.02875252876,42990.20239963654,44580.02875252876,,,1203800
16/04/2021,42827.975220769986,43866.22916551592,42827.975220769986,43476.8839362362,,,781400
15/04/2021,43996.01090860917,44417.801573662204,43379.54762891626,43379.54762891626,,,1056700
14/04/2021,43314.656757369645,43931.120037062545,43314.656757369645,43931.120037062545,,,472400
13/04/2021,43866.22916551592,44644.91962407538,43541.774807782815,43768.89285819599,,,1232700
12/04/2021,43249.76588582302,43801.338293969304,43152.42957850309,43768.89285819599,,,852600
09/04/2021,43476.8839362362,43476.8839362362,43087.53870695647,43249.76588582302,,,464700
08/04/2021,43639.11111510275,43639.11111510275,43314.656757369645,43476.8839362362,,,310500
07/04/2021,43022.64783540985,43639.11111510275,42860.4206565433,43639.11111510275,,,477200
06/04/2021,43314.656757369645,43963.56547283586,43119.98414272978,43249.76588582302,,,1061200
05/04/2021,44125.79265170241,44125.79265170241,43379.54762891626,43509.32937200951,,,364100
02/04/2021,44093.3472159291,44125.79265170241,43574.22024355613,43736.44742242268,,,796700
01/04/2021,42179.066505303774,43639.11111510275,41692.384968704115,43574.22024355613,,,1360200
31/03/2021,41984.39389066391,42341.29368417033,41724.83040447743,42081.73019798384,,,326800
30/03/2021,42211.511941077086,42471.07542726357,41854.61214757067,41984.39389066391,,,318600
29/03/2021,42308.848248397015,42795.529784996674,41919.50301911729,42211.511941077086,,,900000
26/03/2021,41692.384968704115,42179.066505303774,40556.794716638244,42179.066505303774,,,585900
25/03/2021,42016.83932643722,42438.629991490256,41757.27584025074,41789.72127602404,,,506500
24/03/2021,42016.83932643722,42471.07542726357,41562.603225610874,42146.62106953046,,,528300
23/03/2021,42503.52086303688,42827.975220769986,42179.066505303774,42503.52086303688,,,625000
22/03/2021,43087.53870695647,43152.42957850309,42665.74804190343,42795.529784996674,,,377300
19/03/2021,43152.42957850309,43314.656757369645,42827.975220769986,43152.42957850309,,,376700
18/03/2021,43314.656757369645,43411.993064689574,40556.794716638244,43347.10219314296,,,914000
17/03/2021,43314.656757369645,43314.656757369645,43087.53870695647,43087.53870695647,,,570323
16/03/2021,43055.093271183156,43314.656757369645,42698.193477676745,43217.32045004971,,,700800
15/03/2021,42535.96629881019,43444.438500462886,42373.73911994364,43055.093271183156,,,766800
